case:concept:name,concept:name,time:timestamp,org:resource,lifecycle:transition
1,Create Purchase Requisition,2011-06-05 22:41:00+00:00,Fjodor Kowalski,start
1,Create Purchase Requisition,2011-06-05 22:53:25.230751+00:00,Fjodor Kowalski,complete
1,Analyze Purchase Requisition,2011-06-06 12:06:17.530474+00:00,Maris Freeman,start
1,Analyze Purchase Requisition,2011-06-06 12:12:09.263656+00:00,Maris Freeman,complete
1,Create Request for Quotation,2011-06-06 12:17:20.800309+00:00,Maris Freeman,start
1,Create Request for Quotation,2011-06-06 12:20:41.730380+00:00,Maris Freeman,complete
1,Analyze Request for Quotation,2011-06-06 14:32:19.478998+00:00,Karel de Groot,start
1,Analyze Request for Quotation,2011-06-06 14:55:30.583528+00:00,Karel de Groot,complete
1,Amend Request for Quotation,2011-06-06 18:12:18.455790+00:00,Christian Francois,start
1,Amend Request for Quotation,2011-06-06 18:24:12.414082+00:00,Christian Francois,complete
1,Analyze Request for Quotation,2011-06-06 19:23:07.218761+00:00,Karel de Groot,start
1,Analyze Request for Quotation,2011-06-06 19:40:04.999849+00:00,Karel de Groot,complete
1,Amend Request for Quotation,2011-06-06 20:18:23.215096+00:00,Christian Francois,start
1,Amend Request for Quotation,2011-06-06 20:25:56.006729+00:00,Christian Francois,complete
1,Analyze Request for Quotation,2011-06-13 15:07:27.650789+00:00,Karel de Groot,start
1,Analyze Request for Quotation,2011-06-13 15:38:08.832302+00:00,Karel de Groot,complete
2,Create Purchase Requisition,2011-06-06 04:17:10.338480+00:00,Kim Passa,start
2,Create Purchase Requisition,2011-06-06 04:53:54.738497+00:00,Kim Passa,complete
2,Analyze Purchase Requisition,2011-06-06 18:30:03.432216+00:00,Maris Freeman,start
2,Analyze Purchase Requisition,2011-06-06 18:37:46.115109+00:00,Maris Freeman,complete
2,Create Request for Quotation,2011-06-06 18:43:59.384368+00:00,Maris Freeman,start
2,Create Request for Quotation,2011-06-06 18:45:18.030023+00:00,Maris Freeman,complete
2,Analyze Request for Quotation,2011-06-08 07:38:25.990846+00:00,Magdalena Predutta,start
2,Analyze Request for Quotation,2011-06-08 07:59:57.628423+00:00,Magdalena Predutta,complete
2,Send Request for Quotation to Supplier,2011-06-09 19:29:48.627705+00:00,Karel de Groot,start
2,Send Request for Quotation to Supplier,2011-06-09 19:50:12.640343+00:00,Karel de Groot,complete
2,Create Quotation comparison Map,2011-06-09 20:28:48.064349+00:00,Magdalena Predutta,start
2,Create Quotation comparison Map,2011-06-09 21:45:35.656392+00:00,Magdalena Predutta,complete
2,Analyze Quotation Comparison Map,2011-06-10 10:13:23.438305+00:00,Esmana Liubiata,start
2,Analyze Quotation Comparison Map,2011-06-10 12:29:37.077647+00:00,Nico Ojenbeer,complete
2,Choose best option,2011-06-10 12:29:37.077647+00:00,Immanuel Karagianni,start
2,Choose best option,2011-06-10 12:29:37.077647+00:00,Immanuel Karagianni,complete
2,Settle Conditions With Supplier,2011-06-10 20:40:18.662115+00:00,Magdalena Predutta,start
2,Settle Conditions With Supplier,2011-06-11 10:19:01.065169+00:00,Magdalena Predutta,complete
2,Create Purchase Order,2011-06-11 13:42:33.664684+00:00,Magdalena Predutta,start
2,Create Purchase Order,2011-06-11 13:54:01.728304+00:00,Magdalena Predutta,complete
2,Confirm Purchase Order,2011-06-12 09:24:04.957544+00:00,Esmeralda Clay,start
2,Confirm Purchase Order,2011-06-12 09:34:57.609468+00:00,Esmeralda Clay,complete
2,Deliver Goods Services,2011-06-14 19:12:22.068920+00:00,Sean Manney,start
2,Deliver Goods Services,2011-06-15 13:49:30.938195+00:00,Sean Manney,complete
2,Release Purchase Order,2011-06-15 22:08:06.837170+00:00,Immanuel Karagianni,start
2,Release Purchase Order,2011-06-15 22:09:06.837170+00:00,Immanuel Karagianni,complete
2,Approve Purchase Order for payment,2011-06-16 02:36:24.795846+00:00,Magdalena Predutta,start
2,Approve Purchase Order for payment,2011-06-16 02:37:24.795846+00:00,Magdalena Predutta,complete
2,Send Invoice,2011-06-22 04:43:55.695038+00:00,Carmen Finacse,start
2,Send Invoice,2011-06-22 04:43:55.695038+00:00,Carmen Finacse,complete
2,Release Supplier's Invoice,2011-06-22 18:58:42.942676+00:00,Karalda Nimwada,start
2,Authorize Supplier's Invoice payment,2011-06-22 19:02:05.643695+00:00,Karalda Nimwada,complete
2,Authorize Supplier's Invoice payment,2011-06-22 19:02:05.643695+00:00,Karalda Nimwada,start
2,Release Supplier's Invoice,2011-06-22 19:02:05.643695+00:00,Karalda Nimwada,complete
2,Pay Invoice,2011-06-22 19:45:11.679631+00:00,Karalda Nimwada,start
2,Pay Invoice,2011-06-22 19:59:04.513130+00:00,Karalda Nimwada,complete
3,Create Purchase Requisition,2011-06-06 05:52:55.742778+00:00,Anna Kaufmann,start
3,Create Purchase Requisition,2011-06-06 07:05:33.322342+00:00,Anna Kaufmann,complete
3,Analyze Purchase Requisition,2011-06-06 19:24:00.593317+00:00,Francis Odell,start
3,Analyze Purchase Requisition,2011-06-06 19:35:08.802379+00:00,Francis Odell,complete
4,Create Purchase Requisition,2011-06-06 05:58:58.028106+00:00,Anne Olwada,start
4,Create Purchase Requisition,2011-06-06 06:34:18.326840+00:00,Anne Olwada,complete
4,Analyze Purchase Requisition,2011-06-06 22:13:34.696923+00:00,Heinz Gutschmidt,start
4,Analyze Purchase Requisition,2011-06-06 22:27:12.446798+00:00,Heinz Gutschmidt,complete
5,Create Purchase Requisition,2011-06-06 13:46:12.066127+00:00,Nico Ojenbeer,start
5,Create Purchase Requisition,2011-06-06 14:05:21.578416+00:00,Nico Ojenbeer,complete
5,Analyze Purchase Requisition,2011-06-07 07:10:55.729214+00:00,Francis Odell,start
5,Analyze Purchase Requisition,2011-06-07 07:20:07.084775+00:00,Francis Odell,complete
5,Create Request for Quotation,2011-06-07 07:28:07.084775+00:00,Heinz Gutschmidt,start
5,Create Request for Quotation,2011-06-07 07:40:33.276541+00:00,Heinz Gutschmidt,complete
5,Analyze Request for Quotation,2011-06-08 18:23:09.751588+00:00,Francois de Perrier,start
5,Analyze Request for Quotation,2011-06-08 18:36:08.280973+00:00,Francois de Perrier,complete
5,Send Request for Quotation to Supplier,2011-06-09 20:29:09.197561+00:00,Magdalena Predutta,start
5,Send Request for Quotation to Supplier,2011-06-09 21:00:50.242414+00:00,Magdalena Predutta,complete
5,Create Quotation comparison Map,2011-06-09 21:26:44.969598+00:00,Magdalena Predutta,start
5,Create Quotation comparison Map,2011-06-10 02:07:49.773478+00:00,Magdalena Predutta,complete
5,Analyze Quotation Comparison Map,2011-06-10 09:37:53.569984+00:00,Nico Ojenbeer,start
5,Analyze Quotation Comparison Map,2011-06-10 12:05:50.668136+00:00,Nico Ojenbeer,complete
5,Choose best option,2011-06-10 12:05:50.668136+00:00,Immanuel Karagianni,start
5,Choose best option,2011-06-10 12:05:50.668136+00:00,Immanuel Karagianni,complete
5,Settle Conditions With Supplier,2011-06-11 00:42:47.109306+00:00,Magdalena Predutta,start
5,Settle Conditions With Supplier,2011-06-11 04:39:56.845931+00:00,Magdalena Predutta,complete
5,Create Purchase Order,2011-06-11 06:45:53.886799+00:00,Magdalena Predutta,start
5,Create Purchase Order,2011-06-11 06:56:12.802840+00:00,Magdalena Predutta,complete
5,Confirm Purchase Order,2011-06-11 20:00:22.502209+00:00,Esmeralda Clay,start
5,Confirm Purchase Order,2011-06-11 20:19:20.523733+00:00,Esmeralda Clay,complete
5,Deliver Goods Services,2011-06-15 19:13:42.067525+00:00,Sean Manney,start
5,Deliver Goods Services,2011-06-17 00:53:05.675069+00:00,Sean Manney,complete
5,Release Purchase Order,2011-06-17 08:02:11.802231+00:00,Immanuel Karagianni,start
5,Release Purchase Order,2011-06-17 08:03:11.802231+00:00,Immanuel Karagianni,complete
5,Approve Purchase Order for payment,2011-06-18 01:22:26.123790+00:00,Magdalena Predutta,start
5,Approve Purchase Order for payment,2011-06-18 01:23:26.123790+00:00,Magdalena Predutta,complete
5,Send Invoice,2011-06-18 07:17:46.914375+00:00,Carmen Finacse,complete
5,Send Invoice,2011-06-18 07:17:46.914375+00:00,Carmen Finacse,start
5,Release Supplier's Invoice,2011-06-18 22:41:24.024853+00:00,Karalda Nimwada,start
5,Release Supplier's Invoice,2011-06-18 22:47:13.145412+00:00,Karalda Nimwada,complete
5,Authorize Supplier's Invoice payment,2011-06-18 22:55:17.687552+00:00,Karalda Nimwada,start
5,Authorize Supplier's Invoice payment,2011-06-18 22:55:17.687552+00:00,Karalda Nimwada,complete
5,Pay Invoice,2011-06-18 22:58:44.429687+00:00,Karalda Nimwada,start
5,Pay Invoice,2011-06-18 23:11:59.724285+00:00,Karalda Nimwada,complete
6,Create Purchase Requisition,2011-06-07 18:10:28.256603+00:00,Nico Ojenbeer,start
6,Create Purchase Requisition,2011-06-07 18:25:50.182681+00:00,Nico Ojenbeer,complete
6,Analyze Purchase Requisition,2011-06-08 14:15:01.565783+00:00,Heinz Gutschmidt,start
6,Analyze Purchase Requisition,2011-06-08 14:19:49.791207+00:00,Heinz Gutschmidt,complete
6,Create Request for Quotation,2011-06-08 14:27:49.791207+00:00,Francis Odell,start
6,Create Request for Quotation,2011-06-08 14:29:00.128012+00:00,Francis Odell,complete
6,Analyze Request for Quotation,2011-06-10 21:12:27.017002+00:00,Magdalena Predutta,start
6,Analyze Request for Quotation,2011-06-10 21:29:20.894678+00:00,Magdalena Predutta,complete
6,Amend Request for Quotation,2011-06-10 23:05:55.403853+00:00,Maris Freeman,start
6,Amend Request for Quotation,2011-06-10 23:11:56.901237+00:00,Maris Freeman,complete
6,Analyze Request for Quotation,2011-06-11 04:15:38.858481+00:00,Karel de Groot,start
6,Analyze Request for Quotation,2011-06-11 04:47:48.316705+00:00,Karel de Groot,complete
6,Send Request for Quotation to Supplier,2011-06-11 10:40:17.861551+00:00,Magdalena Predutta,start
6,Send Request for Quotation to Supplier,2011-06-11 10:59:34.100911+00:00,Magdalena Predutta,complete
6,Create Quotation comparison Map,2011-06-11 11:24:04.256188+00:00,Magdalena Predutta,start
6,Create Quotation comparison Map,2011-06-11 12:05:15.905467+00:00,Magdalena Predutta,complete
6,Analyze Quotation Comparison Map,2011-06-11 21:30:59.974996+00:00,Nico Ojenbeer,start
6,Analyze Quotation Comparison Map,2011-06-12 01:03:53.333805+00:00,Nico Ojenbeer,complete
6,Choose best option,2011-06-12 01:03:53.333805+00:00,Immanuel Karagianni,start
6,Choose best option,2011-06-12 01:03:53.333805+00:00,Immanuel Karagianni,complete
6,Settle Conditions With Supplier,2011-06-12 06:54:15.139448+00:00,Magdalena Predutta,start
6,Settle Conditions With Supplier,2011-06-12 17:17:04.430249+00:00,Magdalena Predutta,complete
6,Create Purchase Order,2011-06-13 07:28:06.897870+00:00,Magdalena Predutta,start
6,Create Purchase Order,2011-06-13 07:40:37.228353+00:00,Magdalena Predutta,complete
6,Confirm Purchase Order,2011-06-14 07:54:06.611669+00:00,Esmeralda Clay,start
6,Confirm Purchase Order,2011-06-14 08:25:32.453835+00:00,Esmeralda Clay,complete
6,Deliver Goods Services,2011-06-23 19:13:37.234526+00:00,Sean Manney,start
6,Deliver Goods Services,2011-06-24 06:08:23.210006+00:00,Sean Manney,complete
6,Release Purchase Order,2011-06-24 18:27:20.557829+00:00,Immanuel Karagianni,start
6,Release Purchase Order,2011-06-24 18:28:20.557829+00:00,Immanuel Karagianni,complete
6,Approve Purchase Order for payment,2011-06-25 14:51:23.990530+00:00,Magdalena Predutta,start
6,Approve Purchase Order for payment,2011-06-25 14:52:23.990530+00:00,Magdalena Predutta,complete
6,Send Invoice,2011-06-27 17:36:01.313269+00:00,Carmen Finacse,complete
6,Send Invoice,2011-06-27 17:36:01.313269+00:00,Carmen Finacse,start
6,Authorize Supplier's Invoice payment,2011-06-28 09:02:01.313269+00:00,Karalda Nimwada,complete
6,Authorize Supplier's Invoice payment,2011-06-28 09:02:01.313269+00:00,Karalda Nimwada,start
6,Pay Invoice,2011-06-28 09:32:57.672296+00:00,Karalda Nimwada,start
6,Pay Invoice,2011-06-28 09:46:04.554381+00:00,Karalda Nimwada,complete
7,Create Purchase Requisition,2011-06-07 18:32:23.966097+00:00,Anne Olwada,start
7,Create Purchase Requisition,2011-06-07 19:19:51.486509+00:00,Anne Olwada,complete
7,Analyze Purchase Requisition,2011-06-08 14:59:45.341967+00:00,Heinz Gutschmidt,start
7,Analyze Purchase Requisition,2011-06-08 15:12:03.311520+00:00,Heinz Gutschmidt,complete
7,Create Request for Quotation,2011-06-08 15:18:21.065119+00:00,Heinz Gutschmidt,start
7,Create Request for Quotation,2011-06-08 15:21:34.171561+00:00,Heinz Gutschmidt,complete
7,Analyze Request for Quotation,2011-06-09 12:33:01.033532+00:00,Karel de Groot,start
7,Analyze Request for Quotation,2011-06-09 13:07:42.721872+00:00,Karel de Groot,complete
7,Send Request for Quotation to Supplier,2011-06-10 15:28:53.856824+00:00,Karel de Groot,start
7,Send Request for Quotation to Supplier,2011-06-10 15:43:50.925135+00:00,Karel de Groot,complete
7,Create Quotation comparison Map,2011-06-10 16:02:24.823248+00:00,Magdalena Predutta,start
7,Create Quotation comparison Map,2011-06-10 20:19:04.397855+00:00,Magdalena Predutta,complete
7,Analyze Quotation Comparison Map,2011-06-11 03:18:12.031600+00:00,Tesca Lobes,start
7,Analyze Quotation Comparison Map,2011-06-11 04:19:52.752082+00:00,Nico Ojenbeer,complete
7,Choose best option,2011-06-11 04:19:52.752082+00:00,Immanuel Karagianni,start
7,Choose best option,2011-06-11 04:19:52.752082+00:00,Immanuel Karagianni,complete
7,Settle Conditions With Supplier,2011-06-11 07:18:23.958496+00:00,Magdalena Predutta,start
7,Settle Conditions With Supplier,2011-06-11 22:53:12.700683+00:00,Magdalena Predutta,complete
7,Create Purchase Order,2011-06-12 12:48:55.418393+00:00,Magdalena Predutta,start
7,Create Purchase Order,2011-06-12 13:00:23.008643+00:00,Magdalena Predutta,complete
7,Confirm Purchase Order,2011-06-19 23:13:51.484187+00:00,Esmeralda Clay,start
7,Confirm Purchase Order,2011-06-19 23:41:23.004461+00:00,Esmeralda Clay,complete
7,Deliver Goods Services,2011-06-28 00:58:17.074482+00:00,Sean Manney,start
7,Deliver Goods Services,2011-06-28 11:35:07.952046+00:00,Sean Manney,complete
7,Release Purchase Order,2011-06-28 20:48:13.303385+00:00,Immanuel Karagianni,start
7,Release Purchase Order,2011-06-28 20:49:13.303385+00:00,Immanuel Karagianni,complete
7,Approve Purchase Order for payment,2011-06-29 12:02:38.065338+00:00,Magdalena Predutta,start
7,Approve Purchase Order for payment,2011-06-29 12:03:38.065338+00:00,Magdalena Predutta,complete
7,Send Invoice,2011-07-05 14:48:03.813000+00:00,Carmen Finacse,start
7,Send Invoice,2011-07-05 14:48:03.813000+00:00,Carmen Finacse,complete
7,Release Supplier's Invoice,2011-07-06 02:51:41.762542+00:00,Karalda Nimwada,start
7,Authorize Supplier's Invoice payment,2011-07-06 02:53:59.398264+00:00,Karalda Nimwada,complete
7,Authorize Supplier's Invoice payment,2011-07-06 02:53:59.398264+00:00,Karalda Nimwada,start
7,Release Supplier's Invoice,2011-07-06 02:53:59.398264+00:00,Karalda Nimwada,complete
7,Pay Invoice,2011-07-06 04:21:29.571415+00:00,Karalda Nimwada,start
7,Pay Invoice,2011-07-06 04:35:09.949746+00:00,Karalda Nimwada,complete
8,Create Purchase Requisition,2011-06-07 19:51:18.997781+00:00,Penn Osterwalder,start
8,Create Purchase Requisition,2011-06-07 20:03:27.705136+00:00,Penn Osterwalder,complete
8,Create Request for Quotation,2011-06-07 22:48:54.740514+00:00,Esmana Liubiata,start
8,Create Request for Quotation,2011-06-07 22:54:43.330600+00:00,Esmana Liubiata,complete
8,Analyze Request for Quotation,2011-06-08 10:59:10.238681+00:00,Francois de Perrier,start
8,Analyze Request for Quotation,2011-06-08 11:12:55.497490+00:00,Francois de Perrier,complete
9,Create Purchase Requisition,2011-06-08 04:13:51.566174+00:00,Anne Olwada,start
9,Create Purchase Requisition,2011-06-08 05:17:21.431204+00:00,Anne Olwada,complete
9,Create Request for Quotation,2011-06-08 05:17:21.431204+00:00,Penn Osterwalder,start
9,Create Request for Quotation,2011-06-08 05:18:36.889015+00:00,Penn Osterwalder,complete
9,Analyze Request for Quotation,2011-06-09 07:52:49.569248+00:00,Magdalena Predutta,start
9,Analyze Request for Quotation,2011-06-09 08:24:40.674867+00:00,Magdalena Predutta,complete
9,Send Request for Quotation to Supplier,2011-06-09 13:29:53.156565+00:00,Magdalena Predutta,start
9,Send Request for Quotation to Supplier,2011-06-09 14:15:34.382314+00:00,Magdalena Predutta,complete
9,Create Quotation comparison Map,2011-06-09 19:33:00.265448+00:00,Francois de Perrier,start
9,Create Quotation comparison Map,2011-06-09 20:33:46.671999+00:00,Francois de Perrier,complete
9,Analyze Quotation Comparison Map,2011-06-10 02:40:12.706174+00:00,Christian Francois,start
9,Choose best option,2011-06-10 03:01:26.090469+00:00,Immanuel Karagianni,complete
9,Analyze Quotation Comparison Map,2011-06-10 03:01:26.090469+00:00,Nico Ojenbeer,complete
9,Choose best option,2011-06-10 03:01:26.090469+00:00,Immanuel Karagianni,start
9,Settle Conditions With Supplier,2011-06-10 08:29:59.229063+00:00,Magdalena Predutta,start
9,Settle Conditions With Supplier,2011-06-10 22:26:45.529287+00:00,Magdalena Predutta,complete
9,Create Purchase Order,2011-06-11 02:50:07.248933+00:00,Magdalena Predutta,start
9,Create Purchase Order,2011-06-11 03:02:42.984730+00:00,Magdalena Predutta,complete
9,Confirm Purchase Order,2011-06-11 23:47:43.734137+00:00,Esmeralda Clay,start
9,Confirm Purchase Order,2011-06-12 01:11:51.447606+00:00,Esmeralda Clay,complete
9,Deliver Goods Services,2011-06-13 02:30:46.730770+00:00,Sean Manney,start
9,Deliver Goods Services,2011-06-14 11:43:46.536175+00:00,Sean Manney,complete
9,Release Purchase Order,2011-06-14 20:50:35.632145+00:00,Immanuel Karagianni,start
9,Release Purchase Order,2011-06-14 20:51:35.632145+00:00,Immanuel Karagianni,complete
9,Approve Purchase Order for payment,2011-06-15 13:54:57.044247+00:00,Magdalena Predutta,start
9,Approve Purchase Order for payment,2011-06-15 13:55:57.044247+00:00,Magdalena Predutta,complete
9,Send Invoice,2011-06-16 12:17:30.900551+00:00,Carmen Finacse,complete
9,Send Invoice,2011-06-16 12:17:30.900551+00:00,Carmen Finacse,start
9,Release Supplier's Invoice,2011-06-17 03:37:13.874693+00:00,Karalda Nimwada,start
9,Authorize Supplier's Invoice payment,2011-06-17 03:44:03.629945+00:00,Karalda Nimwada,complete
9,Authorize Supplier's Invoice payment,2011-06-17 03:44:03.629945+00:00,Karalda Nimwada,start
9,Release Supplier's Invoice,2011-06-17 03:44:03.629945+00:00,Karalda Nimwada,complete
9,Pay Invoice,2011-06-17 04:32:55.586466+00:00,Karalda Nimwada,start
9,Pay Invoice,2011-06-17 04:45:31.972103+00:00,Karalda Nimwada,complete
10,Create Purchase Requisition,2011-06-08 08:01:36.646626+00:00,Anna Kaufmann,start
10,Create Purchase Requisition,2011-06-08 11:37:18.711522+00:00,Anna Kaufmann,complete
10,Analyze Purchase Requisition,2011-06-09 06:49:30.593450+00:00,Francis Odell,start
10,Analyze Purchase Requisition,2011-06-09 06:54:12.202287+00:00,Francis Odell,complete
10,Create Request for Quotation,2011-06-09 06:59:27.793476+00:00,Heinz Gutschmidt,start
10,Create Request for Quotation,2011-06-09 07:01:43.040344+00:00,Heinz Gutschmidt,complete
10,Analyze Request for Quotation,2011-06-09 17:48:40.522807+00:00,Francois de Perrier,start
10,Analyze Request for Quotation,2011-06-09 17:57:44.881531+00:00,Francois de Perrier,complete
10,Send Request for Quotation to Supplier,2011-06-09 18:52:55.566538+00:00,Karel de Groot,start
10,Send Request for Quotation to Supplier,2011-06-09 19:02:02.121801+00:00,Karel de Groot,complete
10,Create Quotation comparison Map,2011-06-09 20:44:31.220946+00:00,Francois de Perrier,start
10,Create Quotation comparison Map,2011-06-10 01:17:32.885558+00:00,Francois de Perrier,complete
10,Analyze Quotation Comparison Map,2011-06-10 11:58:09.070757+00:00,Tesca Lobes,start
10,Choose best option,2011-06-10 14:29:01.235632+00:00,Anne Olwada,complete
10,Choose best option,2011-06-10 14:29:01.235632+00:00,Immanuel Karagianni,start
10,Analyze Quotation Comparison Map,2011-06-10 14:29:01.235632+00:00,Nico Ojenbeer,complete
10,Settle Conditions With Supplier,2011-06-11 04:04:14.927647+00:00,Magdalena Predutta,start
10,Settle Conditions With Supplier,2011-06-11 15:48:03.295644+00:00,Magdalena Predutta,complete
10,Create Purchase Order,2011-06-12 17:10:08.954624+00:00,Magdalena Predutta,start
10,Create Purchase Order,2011-06-12 17:22:37.450595+00:00,Magdalena Predutta,complete
10,Confirm Purchase Order,2011-06-13 23:34:13.936698+00:00,Esmeralda Clay,start
10,Confirm Purchase Order,2011-06-13 23:58:31.248731+00:00,Esmeralda Clay,complete
10,Deliver Goods Services,2011-06-14 22:10:16.502709+00:00,Sean Manney,start
10,Deliver Goods Services,2011-06-16 07:43:13.138934+00:00,Sean Manney,complete
10,Release Purchase Order,2011-06-16 15:11:33.684454+00:00,Immanuel Karagianni,start
10,Release Purchase Order,2011-06-16 15:12:33.684454+00:00,Immanuel Karagianni,complete
10,Approve Purchase Order for payment,2011-06-16 23:13:09.495169+00:00,Magdalena Predutta,start
10,Approve Purchase Order for payment,2011-06-16 23:14:09.495169+00:00,Magdalena Predutta,complete
10,Send Invoice,2011-06-20 12:04:39.262844+00:00,Carmen Finacse,complete
10,Send Invoice,2011-06-20 12:04:39.262844+00:00,Carmen Finacse,start
10,Release Supplier's Invoice,2011-06-21 03:10:06.482881+00:00,Karalda Nimwada,start
10,Authorize Supplier's Invoice payment,2011-06-21 03:12:53.475271+00:00,Karalda Nimwada,start
10,Release Supplier's Invoice,2011-06-21 03:12:53.475271+00:00,Karalda Nimwada,complete
10,Authorize Supplier's Invoice payment,2011-06-21 03:13:04.014410+00:00,Karalda Nimwada,complete
10,Pay Invoice,2011-06-21 05:06:56.724972+00:00,Karalda Nimwada,start
10,Pay Invoice,2011-06-21 05:11:52.161778+00:00,Karalda Nimwada,complete
11,Create Purchase Requisition,2011-06-08 09:28:00.049347+00:00,Penn Osterwalder,start
11,Create Purchase Requisition,2011-06-08 10:23:18.936507+00:00,Penn Osterwalder,complete
11,Create Request for Quotation,2011-06-08 10:51:06.150251+00:00,Penn Osterwalder,start
11,Create Request for Quotation,2011-06-08 12:03:16.834320+00:00,Penn Osterwalder,complete
11,Analyze Request for Quotation,2011-06-21 15:27:24.798808+00:00,Karel de Groot,start
11,Analyze Request for Quotation,2011-06-21 15:27:24.798808+00:00,Karel de Groot,complete
11,Send Request for Quotation to Supplier,2011-06-22 07:31:33.879207+00:00,Karel de Groot,start
11,Send Request for Quotation to Supplier,2011-06-22 07:49:53.284970+00:00,Karel de Groot,complete
11,Create Quotation comparison Map,2011-06-23 03:46:04.154141+00:00,Karel de Groot,start
11,Create Quotation comparison Map,2011-06-23 07:03:22.876891+00:00,Karel de Groot,complete
11,Analyze Quotation Comparison Map,2011-06-23 12:33:45.679019+00:00,Esmana Liubiata,start
11,Choose best option,2011-06-23 12:39:46.034150+00:00,Immanuel Karagianni,start
11,Choose best option,2011-06-23 12:39:46.034150+00:00,Immanuel Karagianni,complete
11,Analyze Quotation Comparison Map,2011-06-23 12:39:46.034150+00:00,Nico Ojenbeer,complete
11,Settle Conditions With Supplier,2011-06-24 20:48:40.171177+00:00,Magdalena Predutta,start
11,Settle Conditions With Supplier,2011-06-25 11:10:44.742764+00:00,Magdalena Predutta,complete
11,Create Purchase Order,2011-06-27 00:16:01.466005+00:00,Magdalena Predutta,start
11,Create Purchase Order,2011-06-27 00:26:07.090351+00:00,Magdalena Predutta,complete
11,Confirm Purchase Order,2011-06-27 12:45:01.452803+00:00,Esmeralda Clay,start
11,Confirm Purchase Order,2011-06-27 15:07:42.815060+00:00,Esmeralda Clay,complete
11,Deliver Goods Services,2011-06-28 18:06:25.046050+00:00,Sean Manney,start
11,Deliver Goods Services,2011-06-29 16:43:23.604863+00:00,Sean Manney,complete
11,Release Purchase Order,2011-06-30 01:24:49.080330+00:00,Immanuel Karagianni,start
11,Release Purchase Order,2011-06-30 01:25:49.080330+00:00,Immanuel Karagianni,complete
11,Settle Dispute With Supplier,2011-06-30 13:50:27.791174+00:00,Pedro Alvares,start
11,Settle Dispute With Supplier,2011-06-30 14:04:05.086066+00:00,Pedro Alvares,complete
11,Release Purchase Order,2011-06-30 22:39:45.667036+00:00,Immanuel Karagianni,start
11,Release Purchase Order,2011-06-30 22:40:45.667036+00:00,Immanuel Karagianni,complete
11,Approve Purchase Order for payment,2011-07-01 18:55:26.105707+00:00,Magdalena Predutta,start
11,Approve Purchase Order for payment,2011-07-01 18:56:26.105707+00:00,Magdalena Predutta,complete
11,Send Invoice,2011-07-03 10:44:31.931695+00:00,Carmen Finacse,complete
11,Send Invoice,2011-07-03 10:44:31.931695+00:00,Carmen Finacse,start
11,Release Supplier's Invoice,2011-07-03 23:57:58.756884+00:00,Karalda Nimwada,start
11,Authorize Supplier's Invoice payment,2011-07-04 00:04:52.095474+00:00,Karalda Nimwada,complete
11,Release Supplier's Invoice,2011-07-04 00:04:52.095474+00:00,Karalda Nimwada,complete
11,Authorize Supplier's Invoice payment,2011-07-04 00:12:08.476641+00:00,Karalda Nimwada,start
11,Pay Invoice,2011-07-04 01:15:35.360778+00:00,Karalda Nimwada,start
11,Pay Invoice,2011-07-04 01:19:41.452950+00:00,Karalda Nimwada,complete
12,Create Purchase Requisition,2011-06-08 18:37:54.423413+00:00,Tesca Lobes,start
12,Create Purchase Requisition,2011-06-08 20:17:39.531660+00:00,Tesca Lobes,complete
12,Create Request for Quotation,2011-06-09 02:36:45.219868+00:00,Anna Kaufmann,start
12,Create Request for Quotation,2011-06-09 02:40:33.173979+00:00,Anna Kaufmann,complete
12,Analyze Request for Quotation,2011-06-09 20:15:45.639607+00:00,Karel de Groot,start
12,Analyze Request for Quotation,2011-06-09 20:16:47.505585+00:00,Karel de Groot,complete
13,Create Purchase Requisition,2011-06-08 21:59:52.254990+00:00,Esmana Liubiata,start
13,Create Purchase Requisition,2011-06-08 23:49:22.518039+00:00,Esmana Liubiata,complete
13,Create Request for Quotation,2011-06-09 01:25:35.885348+00:00,Anne Olwada,start
13,Create Request for Quotation,2011-06-09 01:29:05.187364+00:00,Anne Olwada,complete
13,Analyze Request for Quotation,2011-06-09 03:49:36.343516+00:00,Francois de Perrier,start
13,Analyze Request for Quotation,2011-06-09 04:18:46.926217+00:00,Francois de Perrier,complete
13,Amend Request for Quotation,2011-06-09 05:04:08.633057+00:00,Miu Hanwan,start
13,Amend Request for Quotation,2011-06-09 05:23:37.792353+00:00,Miu Hanwan,complete
13,Analyze Request for Quotation,2011-06-19 10:52:00.131362+00:00,Karel de Groot,start
13,Analyze Request for Quotation,2011-06-19 11:12:43.159614+00:00,Karel de Groot,complete
13,Amend Request for Quotation,2011-06-19 12:34:22.656079+00:00,Maris Freeman,start
13,Amend Request for Quotation,2011-06-19 12:48:57.375781+00:00,Maris Freeman,complete
13,Analyze Request for Quotation,2011-06-21 00:49:55.668938+00:00,Karel de Groot,start
13,Analyze Request for Quotation,2011-06-21 01:12:46.708192+00:00,Karel de Groot,complete
13,Send Request for Quotation to Supplier,2011-06-21 11:25:22.864454+00:00,Magdalena Predutta,start
13,Send Request for Quotation to Supplier,2011-06-21 11:49:19.165834+00:00,Magdalena Predutta,complete
13,Create Quotation comparison Map,2011-06-21 14:09:42.220168+00:00,Magdalena Predutta,start
13,Create Quotation comparison Map,2011-06-21 19:27:40.770984+00:00,Magdalena Predutta,complete
13,Analyze Quotation Comparison Map,2011-06-22 00:45:04.675643+00:00,Nico Ojenbeer,start
13,Choose best option,2011-06-22 01:04:35.761548+00:00,Immanuel Karagianni,start
13,Choose best option,2011-06-22 01:04:35.761548+00:00,Immanuel Karagianni,complete
13,Analyze Quotation Comparison Map,2011-06-22 01:04:35.761548+00:00,Nico Ojenbeer,complete
13,Settle Conditions With Supplier,2011-06-22 10:11:41.522694+00:00,Magdalena Predutta,start
13,Settle Conditions With Supplier,2011-06-22 21:54:46.370386+00:00,Magdalena Predutta,complete
13,Create Purchase Order,2011-06-22 22:49:41.978598+00:00,Magdalena Predutta,start
13,Create Purchase Order,2011-06-22 23:02:02.360664+00:00,Magdalena Predutta,complete
13,Confirm Purchase Order,2011-06-23 02:53:03.830372+00:00,Esmeralda Clay,start
13,Confirm Purchase Order,2011-06-23 03:35:01.921215+00:00,Esmeralda Clay,complete
13,Deliver Goods Services,2011-06-23 23:51:43.787937+00:00,Sean Manney,start
13,Deliver Goods Services,2011-06-24 18:07:06.714490+00:00,Sean Manney,complete
13,Release Purchase Order,2011-06-25 00:57:46.152258+00:00,Immanuel Karagianni,start
13,Release Purchase Order,2011-06-25 00:58:46.152258+00:00,Immanuel Karagianni,complete
13,Approve Purchase Order for payment,2011-06-25 14:41:14.352442+00:00,Magdalena Predutta,start
13,Approve Purchase Order for payment,2011-06-25 14:42:14.352442+00:00,Magdalena Predutta,complete
13,Send Invoice,2011-07-11 11:33:03.195833+00:00,Carmen Finacse,start
13,Send Invoice,2011-07-11 11:33:03.195833+00:00,Carmen Finacse,complete
13,Release Supplier's Invoice,2011-07-12 03:09:20.819577+00:00,Karalda Nimwada,start
13,Release Supplier's Invoice,2011-07-12 03:14:22.743577+00:00,Karalda Nimwada,complete
13,Settle Dispute With Supplier,2011-07-12 05:06:29.252350+00:00,Pedro Alvares,start
13,Authorize Supplier's Invoice payment,2011-07-12 05:35:46.403006+00:00,Karalda Nimwada,complete
13,Settle Dispute With Supplier,2011-07-12 05:35:46.403006+00:00,Pedro Alvares,complete
13,Authorize Supplier's Invoice payment,2011-07-12 05:46:33.520177+00:00,Karalda Nimwada,start
13,Pay Invoice,2011-07-12 05:46:33.520177+00:00,Karalda Nimwada,start
13,Pay Invoice,2011-07-12 06:01:05.853188+00:00,Karalda Nimwada,complete
14,Create Purchase Requisition,2011-06-08 22:28:41.131771+00:00,Esmana Liubiata,start
14,Create Purchase Requisition,2011-06-08 23:10:05.893594+00:00,Esmana Liubiata,complete
14,Create Request for Quotation,2011-06-09 01:49:52.596284+00:00,Penn Osterwalder,start
14,Create Request for Quotation,2011-06-09 01:52:45.811047+00:00,Penn Osterwalder,complete
14,Analyze Request for Quotation,2011-06-10 04:48:54.850916+00:00,Karel de Groot,start
14,Analyze Request for Quotation,2011-06-10 05:12:45.159889+00:00,Karel de Groot,complete
14,Send Request for Quotation to Supplier,2011-06-11 09:59:02.050741+00:00,Francois de Perrier,start
14,Send Request for Quotation to Supplier,2011-06-11 10:11:17.964497+00:00,Francois de Perrier,complete
14,Create Quotation comparison Map,2011-06-11 10:27:14.504050+00:00,Karel de Groot,start
14,Create Quotation comparison Map,2011-06-11 12:00:19.548098+00:00,Karel de Groot,complete
14,Analyze Quotation Comparison Map,2011-06-11 18:00:57.934908+00:00,Esmana Liubiata,start
14,Choose best option,2011-06-11 18:15:13.542209+00:00,Immanuel Karagianni,complete
14,Analyze Quotation Comparison Map,2011-06-11 18:15:13.542209+00:00,Nico Ojenbeer,complete
14,Choose best option,2011-06-11 18:15:13.542209+00:00,Immanuel Karagianni,start
14,Settle Conditions With Supplier,2011-06-11 21:59:40.816273+00:00,Magdalena Predutta,start
14,Settle Conditions With Supplier,2011-06-12 03:43:13.259891+00:00,Magdalena Predutta,complete
14,Create Purchase Order,2011-06-12 06:19:10.719837+00:00,Magdalena Predutta,start
14,Create Purchase Order,2011-06-12 06:32:10.159972+00:00,Magdalena Predutta,complete
14,Confirm Purchase Order,2011-06-12 20:01:44.600038+00:00,Esmeralda Clay,start
14,Confirm Purchase Order,2011-06-12 20:15:14.348637+00:00,Esmeralda Clay,complete
14,Deliver Goods Services,2011-06-14 10:37:19.815827+00:00,Sean Manney,start
14,Deliver Goods Services,2011-06-15 00:02:26.363681+00:00,Sean Manney,complete
14,Release Purchase Order,2011-06-15 10:32:19.544158+00:00,Immanuel Karagianni,start
14,Release Purchase Order,2011-06-15 10:33:19.544158+00:00,Immanuel Karagianni,complete
14,Approve Purchase Order for payment,2011-06-16 02:05:59.875118+00:00,Magdalena Predutta,start
14,Approve Purchase Order for payment,2011-06-16 02:06:59.875118+00:00,Magdalena Predutta,complete
14,Send Invoice,2011-06-16 06:25:29.843242+00:00,Carmen Finacse,start
14,Send Invoice,2011-06-16 06:25:29.843242+00:00,Carmen Finacse,complete
14,Release Supplier's Invoice,2011-06-16 22:57:35.093044+00:00,Karalda Nimwada,start
14,Release Supplier's Invoice,2011-06-16 23:00:01.138088+00:00,Karalda Nimwada,complete
14,Settle Dispute With Supplier,2011-06-16 23:54:01.138088+00:00,Pedro Alvares,start
14,Settle Dispute With Supplier,2011-06-17 00:17:19.818073+00:00,Pedro Alvares,complete
14,Authorize Supplier's Invoice payment,2011-06-17 00:17:19.818073+00:00,Karalda Nimwada,start
14,Authorize Supplier's Invoice payment,2011-06-17 00:17:19.818073+00:00,Karalda Nimwada,complete
14,Pay Invoice,2011-06-17 01:21:52.664462+00:00,Karalda Nimwada,start
14,Pay Invoice,2011-06-17 01:30:43.931737+00:00,Karalda Nimwada,complete
15,Create Purchase Requisition,2011-06-09 00:29:43.937000+00:00,Christian Francois,start
15,Create Purchase Requisition,2011-06-09 00:55:26.017795+00:00,Christian Francois,complete
15,Create Request for Quotation,2011-06-09 09:01:38.889857+00:00,Alberto Duport,start
15,Create Request for Quotation,2011-06-09 09:07:32.185107+00:00,Alberto Duport,complete
15,Analyze Request for Quotation,2011-06-16 06:32:14.669107+00:00,Magdalena Predutta,start
15,Analyze Request for Quotation,2011-06-16 07:06:40.706670+00:00,Magdalena Predutta,complete
15,Send Request for Quotation to Supplier,2011-06-16 15:29:30.140245+00:00,Magdalena Predutta,start
15,Send Request for Quotation to Supplier,2011-06-16 15:51:52.167447+00:00,Magdalena Predutta,complete
15,Create Quotation comparison Map,2011-06-19 02:13:52.167447+00:00,Magdalena Predutta,start
15,Create Quotation comparison Map,2011-06-19 06:48:13.994133+00:00,Magdalena Predutta,complete
15,Analyze Quotation Comparison Map,2011-06-19 11:08:24.065966+00:00,Nico Ojenbeer,start
15,Analyze Quotation Comparison Map,2011-06-19 11:30:02.845393+00:00,Nico Ojenbeer,complete
15,Choose best option,2011-06-19 11:30:02.845393+00:00,Immanuel Karagianni,complete
15,Choose best option,2011-06-19 11:30:02.845393+00:00,Immanuel Karagianni,start
15,Settle Conditions With Supplier,2011-06-19 17:08:31.392784+00:00,Magdalena Predutta,start
15,Settle Conditions With Supplier,2011-06-20 05:13:26.750449+00:00,Magdalena Predutta,complete
15,Create Purchase Order,2011-06-21 17:23:44.406658+00:00,Magdalena Predutta,start
15,Create Purchase Order,2011-06-21 17:36:12.699915+00:00,Magdalena Predutta,complete
15,Confirm Purchase Order,2011-06-22 04:07:25.380118+00:00,Esmeralda Clay,start
15,Confirm Purchase Order,2011-06-22 04:30:16.975987+00:00,Esmeralda Clay,complete
15,Deliver Goods Services,2011-06-23 10:30:37.766190+00:00,Sean Manney,start
15,Deliver Goods Services,2011-06-24 23:13:38.802859+00:00,Sean Manney,complete
15,Release Purchase Order,2011-06-25 07:00:12.955021+00:00,Immanuel Karagianni,start
15,Release Purchase Order,2011-06-25 07:01:12.955021+00:00,Immanuel Karagianni,complete
15,Approve Purchase Order for payment,2011-06-27 06:57:31.043426+00:00,Magdalena Predutta,start
15,Approve Purchase Order for payment,2011-06-27 06:58:31.043426+00:00,Magdalena Predutta,complete
15,Send Invoice,2011-06-27 16:38:41.746977+00:00,Carmen Finacse,complete
15,Send Invoice,2011-06-27 16:38:41.746977+00:00,Carmen Finacse,start
15,Release Supplier's Invoice,2011-06-28 06:06:10.280421+00:00,Karalda Nimwada,start
15,Authorize Supplier's Invoice payment,2011-06-28 06:12:33.435319+00:00,Karalda Nimwada,start
15,Release Supplier's Invoice,2011-06-28 06:12:33.435319+00:00,Karalda Nimwada,complete
15,Authorize Supplier's Invoice payment,2011-06-28 06:12:33.435319+00:00,Karalda Nimwada,complete
15,Pay Invoice,2011-06-28 06:56:13.424630+00:00,Karalda Nimwada,start
15,Pay Invoice,2011-06-28 07:07:08.904830+00:00,Karalda Nimwada,complete
16,Create Purchase Requisition,2011-06-10 08:15:05.963302+00:00,Alberto Duport,start
16,Create Purchase Requisition,2011-06-10 09:05:48.226398+00:00,Alberto Duport,complete
16,Create Request for Quotation,2011-06-10 10:52:36.299773+00:00,Clement Duchot,start
16,Create Request for Quotation,2011-06-10 10:56:35.140851+00:00,Clement Duchot,complete
16,Analyze Request for Quotation,2011-06-12 19:19:12.634452+00:00,Francois de Perrier,start
16,Analyze Request for Quotation,2011-06-12 19:29:09.774901+00:00,Francois de Perrier,complete
17,Create Purchase Requisition,2011-06-10 09:00:00.985908+00:00,Elvira Lores,start
17,Create Purchase Requisition,2011-06-10 09:22:53.776918+00:00,Elvira Lores,complete
17,Create Request for Quotation,2011-06-10 13:06:26.923526+00:00,Tesca Lobes,start
17,Create Request for Quotation,2011-06-10 13:13:41.077102+00:00,Tesca Lobes,complete
17,Analyze Request for Quotation,2011-06-13 19:35:13.982518+00:00,Magdalena Predutta,start
17,Analyze Request for Quotation,2011-06-13 19:55:06.735416+00:00,Magdalena Predutta,complete
18,Create Purchase Requisition,2011-06-11 08:24:16.651215+00:00,Anne Olwada,start
18,Create Purchase Requisition,2011-06-11 08:57:35.879988+00:00,Anne Olwada,complete
18,Create Request for Quotation,2011-06-11 15:33:29.396217+00:00,Anna Kaufmann,start
18,Create Request for Quotation,2011-06-11 15:39:32.659789+00:00,Anna Kaufmann,complete
18,Analyze Request for Quotation,2011-06-12 09:17:55.975904+00:00,Magdalena Predutta,start
18,Analyze Request for Quotation,2011-06-12 09:40:25.753326+00:00,Magdalena Predutta,complete
19,Create Purchase Requisition,2011-06-11 14:42:01.461733+00:00,Penn Osterwalder,start
19,Create Purchase Requisition,2011-06-11 15:14:47.328023+00:00,Penn Osterwalder,complete
19,Create Request for Quotation,2011-06-11 15:14:47.328023+00:00,Fjodor Kowalski,start
19,Create Request for Quotation,2011-06-11 15:16:21.849775+00:00,Fjodor Kowalski,complete
19,Analyze Request for Quotation,2011-06-13 05:33:32.724270+00:00,Karel de Groot,start
19,Analyze Request for Quotation,2011-06-13 06:05:21.769032+00:00,Karel de Groot,complete
19,Send Request for Quotation to Supplier,2011-06-13 23:35:33.453610+00:00,Magdalena Predutta,start
19,Send Request for Quotation to Supplier,2011-06-14 00:05:34.222730+00:00,Magdalena Predutta,complete
19,Create Quotation comparison Map,2011-06-14 01:51:40.048633+00:00,Magdalena Predutta,start
19,Create Quotation comparison Map,2011-06-14 03:17:14.631205+00:00,Magdalena Predutta,complete
19,Analyze Quotation Comparison Map,2011-06-14 11:31:18.908179+00:00,Nico Ojenbeer,start
19,Analyze Quotation Comparison Map,2011-06-14 11:50:25.061539+00:00,Nico Ojenbeer,complete
19,Choose best option,2011-06-14 11:50:25.061539+00:00,Immanuel Karagianni,complete
19,Choose best option,2011-06-14 11:50:25.061539+00:00,Immanuel Karagianni,start
19,Settle Conditions With Supplier,2011-06-15 14:10:07.711348+00:00,Magdalena Predutta,start
19,Settle Conditions With Supplier,2011-06-15 23:09:40.105921+00:00,Magdalena Predutta,complete
19,Create Purchase Order,2011-06-16 03:35:47.803489+00:00,Magdalena Predutta,start
19,Create Purchase Order,2011-06-16 03:46:43.182385+00:00,Magdalena Predutta,complete
19,Confirm Purchase Order,2011-06-22 00:07:48.108217+00:00,Esmeralda Clay,start
19,Confirm Purchase Order,2011-06-22 00:39:06.286652+00:00,Esmeralda Clay,complete
19,Deliver Goods Services,2011-06-22 13:41:12.323725+00:00,Sean Manney,start
19,Deliver Goods Services,2011-06-23 21:49:39.747615+00:00,Sean Manney,complete
19,Release Purchase Order,2011-06-24 02:40:43.198531+00:00,Immanuel Karagianni,start
19,Release Purchase Order,2011-06-24 02:41:43.198531+00:00,Immanuel Karagianni,complete
19,Approve Purchase Order for payment,2011-06-24 20:28:16.925170+00:00,Magdalena Predutta,start
19,Approve Purchase Order for payment,2011-06-24 20:29:16.925170+00:00,Magdalena Predutta,complete
19,Send Invoice,2011-06-26 19:14:57.697146+00:00,Carmen Finacse,complete
19,Send Invoice,2011-06-26 19:14:57.697146+00:00,Carmen Finacse,start
19,Release Supplier's Invoice,2011-06-27 10:19:07.472225+00:00,Karalda Nimwada,start
19,Authorize Supplier's Invoice payment,2011-06-27 10:22:49.095656+00:00,Karalda Nimwada,start
19,Authorize Supplier's Invoice payment,2011-06-27 10:22:49.095656+00:00,Karalda Nimwada,complete
19,Release Supplier's Invoice,2011-06-27 10:22:49.095656+00:00,Karalda Nimwada,complete
19,Pay Invoice,2011-06-27 11:30:49.095656+00:00,Karalda Nimwada,start
19,Pay Invoice,2011-06-27 11:36:59.451305+00:00,Karalda Nimwada,complete
20,Create Purchase Requisition,2011-06-12 14:20:02.523805+00:00,Immanuel Karagianni,start
20,Create Purchase Requisition,2011-06-12 14:30:55.908903+00:00,Immanuel Karagianni,complete
20,Analyze Purchase Requisition,2011-06-13 09:07:15.759310+00:00,Heinz Gutschmidt,start
20,Analyze Purchase Requisition,2011-06-13 09:11:19.014178+00:00,Heinz Gutschmidt,complete
20,Create Request for Quotation,2011-06-13 10:04:03.218437+00:00,Maris Freeman,start
20,Create Request for Quotation,2011-06-13 10:08:03.704729+00:00,Maris Freeman,complete
20,Analyze Request for Quotation,2011-06-13 17:58:26.388206+00:00,Magdalena Predutta,start
20,Analyze Request for Quotation,2011-06-13 18:31:07.828788+00:00,Magdalena Predutta,complete
20,Amend Request for Quotation,2011-06-13 19:01:02.577931+00:00,Clement Duchot,start
20,Amend Request for Quotation,2011-06-13 19:24:53.227028+00:00,Clement Duchot,complete
20,Analyze Request for Quotation,2011-06-16 14:22:28.025276+00:00,Karel de Groot,start
20,Analyze Request for Quotation,2011-06-16 14:37:36.213084+00:00,Karel de Groot,complete
20,Amend Request for Quotation,2011-06-16 17:40:49.230595+00:00,Maris Freeman,start
20,Amend Request for Quotation,2011-06-16 17:49:06.012840+00:00,Maris Freeman,complete
20,Analyze Request for Quotation,2011-06-17 09:59:23.777863+00:00,Karel de Groot,start
20,Analyze Request for Quotation,2011-06-17 10:33:17.143301+00:00,Karel de Groot,complete
20,Amend Request for Quotation,2011-06-17 10:49:43.865972+00:00,Maris Freeman,start
20,Amend Request for Quotation,2011-06-17 12:02:55.668194+00:00,Maris Freeman,complete
20,Analyze Request for Quotation,2011-06-23 04:58:31.934483+00:00,Karel de Groot,start
20,Analyze Request for Quotation,2011-06-23 05:25:20.084503+00:00,Karel de Groot,complete
20,Send Request for Quotation to Supplier,2011-06-23 21:55:27.518524+00:00,Magdalena Predutta,start
20,Send Request for Quotation to Supplier,2011-06-23 22:19:24.791206+00:00,Magdalena Predutta,complete
20,Create Quotation comparison Map,2011-06-23 23:56:49.729422+00:00,Magdalena Predutta,start
20,Create Quotation comparison Map,2011-06-24 05:45:07.753047+00:00,Magdalena Predutta,complete
20,Analyze Quotation Comparison Map,2011-06-24 09:52:39.286468+00:00,Nico Ojenbeer,start
20,Choose best option,2011-06-24 10:24:33.669900+00:00,Immanuel Karagianni,complete
20,Analyze Quotation Comparison Map,2011-06-24 10:24:33.669900+00:00,Nico Ojenbeer,complete
20,Choose best option,2011-06-24 10:24:33.669900+00:00,Immanuel Karagianni,start
20,Settle Conditions With Supplier,2011-06-24 12:48:25.978102+00:00,Magdalena Predutta,start
20,Settle Conditions With Supplier,2011-06-24 23:18:24.470006+00:00,Magdalena Predutta,complete
20,Create Purchase Order,2011-06-25 21:40:53.579291+00:00,Magdalena Predutta,start
20,Create Purchase Order,2011-06-25 21:48:13.191191+00:00,Magdalena Predutta,complete
20,Confirm Purchase Order,2011-06-26 05:40:09.829779+00:00,Esmeralda Clay,start
20,Confirm Purchase Order,2011-06-26 05:57:38.331847+00:00,Esmeralda Clay,complete
20,Deliver Goods Services,2011-06-30 07:31:56.531702+00:00,Sean Manney,start
20,Deliver Goods Services,2011-07-02 03:36:21.696726+00:00,Sean Manney,complete
20,Release Purchase Order,2011-07-02 10:05:42.745422+00:00,Immanuel Karagianni,start
20,Release Purchase Order,2011-07-02 10:06:42.745422+00:00,Immanuel Karagianni,complete
20,Approve Purchase Order for payment,2011-07-02 22:23:49.849428+00:00,Magdalena Predutta,start
20,Approve Purchase Order for payment,2011-07-02 22:24:49.849428+00:00,Magdalena Predutta,complete
20,Send Invoice,2011-07-04 15:57:40.282700+00:00,Carmen Finacse,start
20,Send Invoice,2011-07-04 15:57:40.282700+00:00,Carmen Finacse,complete
20,Release Supplier's Invoice,2011-07-05 05:18:40.732731+00:00,Karalda Nimwada,start
20,Authorize Supplier's Invoice payment,2011-07-05 05:22:44.183653+00:00,Karalda Nimwada,complete
20,Authorize Supplier's Invoice payment,2011-07-05 05:22:44.183653+00:00,Karalda Nimwada,start
20,Release Supplier's Invoice,2011-07-05 05:22:44.183653+00:00,Karalda Nimwada,complete
20,Pay Invoice,2011-07-05 06:00:42.754418+00:00,Karalda Nimwada,start
20,Pay Invoice,2011-07-05 06:14:22.415221+00:00,Karalda Nimwada,complete
21,Create Purchase Requisition,2011-06-13 10:35:50.190590+00:00,Alberto Duport,start
21,Create Purchase Requisition,2011-06-13 11:06:59.458517+00:00,Alberto Duport,complete
21,Create Request for Quotation,2011-06-13 12:46:26.484222+00:00,Immanuel Karagianni,start
21,Create Request for Quotation,2011-06-13 12:47:58.384751+00:00,Immanuel Karagianni,complete
21,Analyze Request for Quotation,2011-06-14 03:02:37.007822+00:00,Karel de Groot,start
21,Analyze Request for Quotation,2011-06-14 03:27:51.130551+00:00,Karel de Groot,complete
21,Send Request for Quotation to Supplier,2011-06-15 04:15:35.344040+00:00,Francois de Perrier,start
21,Send Request for Quotation to Supplier,2011-06-15 04:38:57.569321+00:00,Francois de Perrier,complete
21,Create Quotation comparison Map,2011-06-15 04:46:27.748974+00:00,Francois de Perrier,start
21,Create Quotation comparison Map,2011-06-15 05:25:12.535555+00:00,Francois de Perrier,complete
21,Analyze Quotation Comparison Map,2011-06-15 13:38:12.535555+00:00,Nico Ojenbeer,start
21,Analyze Quotation Comparison Map,2011-06-15 14:11:13.731727+00:00,Nico Ojenbeer,complete
21,Choose best option,2011-06-15 14:11:13.731727+00:00,Immanuel Karagianni,start
21,Choose best option,2011-06-15 14:11:13.731727+00:00,Immanuel Karagianni,complete
21,Settle Conditions With Supplier,2011-06-15 20:45:20.893696+00:00,Magdalena Predutta,start
21,Settle Conditions With Supplier,2011-06-16 06:59:17.862304+00:00,Magdalena Predutta,complete
21,Create Purchase Order,2011-06-16 08:56:49.573519+00:00,Magdalena Predutta,start
21,Create Purchase Order,2011-06-16 09:04:48.845920+00:00,Magdalena Predutta,complete
21,Confirm Purchase Order,2011-06-17 13:06:54.350504+00:00,Esmeralda Clay,start
21,Confirm Purchase Order,2011-06-17 13:33:10.371210+00:00,Esmeralda Clay,complete
21,Deliver Goods Services,2011-06-18 21:13:49.356753+00:00,Sean Manney,start
21,Deliver Goods Services,2011-06-21 00:45:53.898528+00:00,Sean Manney,complete
21,Release Purchase Order,2011-06-21 06:30:50.690144+00:00,Immanuel Karagianni,start
21,Release Purchase Order,2011-06-21 06:31:50.690144+00:00,Immanuel Karagianni,complete
21,Approve Purchase Order for payment,2011-06-21 11:57:52.634305+00:00,Magdalena Predutta,start
21,Approve Purchase Order for payment,2011-06-21 11:58:52.634305+00:00,Magdalena Predutta,complete
21,Send Invoice,2011-06-21 22:12:29.625162+00:00,Carmen Finacse,start
21,Send Invoice,2011-06-21 22:12:29.625162+00:00,Carmen Finacse,complete
21,Release Supplier's Invoice,2011-06-22 12:36:49.569668+00:00,Karalda Nimwada,start
21,Authorize Supplier's Invoice payment,2011-06-22 12:39:08.662837+00:00,Karalda Nimwada,complete
21,Authorize Supplier's Invoice payment,2011-06-22 12:39:08.662837+00:00,Karalda Nimwada,start
21,Release Supplier's Invoice,2011-06-22 12:39:08.662837+00:00,Karalda Nimwada,complete
21,Pay Invoice,2011-06-22 14:09:31.260050+00:00,Karalda Nimwada,start
21,Pay Invoice,2011-06-22 14:20:33.213308+00:00,Karalda Nimwada,complete
22,Create Purchase Requisition,2011-06-13 11:30:52.999226+00:00,Miu Hanwan,start
22,Create Purchase Requisition,2011-06-13 11:39:28.150136+00:00,Miu Hanwan,complete
22,Analyze Purchase Requisition,2011-06-14 02:25:52.038923+00:00,Francis Odell,start
22,Analyze Purchase Requisition,2011-06-14 02:30:53.524114+00:00,Francis Odell,complete
22,Create Request for Quotation,2011-06-14 02:38:06.799221+00:00,Francis Odell,start
22,Create Request for Quotation,2011-06-14 02:39:28.819103+00:00,Francis Odell,complete
22,Analyze Request for Quotation,2011-06-14 11:14:12.996821+00:00,Magdalena Predutta,start
22,Analyze Request for Quotation,2011-06-14 11:37:30.655749+00:00,Magdalena Predutta,complete
23,Create Purchase Requisition,2011-06-13 13:44:07.284133+00:00,Anna Kaufmann,start
23,Create Purchase Requisition,2011-06-13 14:35:01.648994+00:00,Anna Kaufmann,complete
23,Analyze Purchase Requisition,2011-06-14 10:32:28.179825+00:00,Heinz Gutschmidt,start
23,Analyze Purchase Requisition,2011-06-14 10:37:41.465547+00:00,Heinz Gutschmidt,complete
23,Create Request for Quotation,2011-06-14 10:43:54.737692+00:00,Francis Odell,start
23,Create Request for Quotation,2011-06-14 10:45:30.226464+00:00,Francis Odell,complete
23,Analyze Request for Quotation,2011-06-14 15:55:08.033615+00:00,Magdalena Predutta,start
23,Analyze Request for Quotation,2011-06-14 16:22:14.345966+00:00,Magdalena Predutta,complete
24,Create Purchase Requisition,2011-06-13 15:27:26.140155+00:00,Anna Kaufmann,start
24,Create Purchase Requisition,2011-06-13 16:35:17.190555+00:00,Anna Kaufmann,complete
24,Create Request for Quotation,2011-06-13 17:00:57.496489+00:00,Fjodor Kowalski,start
24,Create Request for Quotation,2011-06-13 17:09:00.135968+00:00,Fjodor Kowalski,complete
24,Analyze Request for Quotation,2011-06-18 19:09:01.623921+00:00,Magdalena Predutta,start
24,Analyze Request for Quotation,2011-06-18 19:39:29.545624+00:00,Magdalena Predutta,complete
24,Amend Request for Quotation,2011-06-18 21:07:12.185026+00:00,Anne Olwada,start
24,Amend Request for Quotation,2011-06-18 21:27:18.119541+00:00,Anne Olwada,complete
24,Analyze Request for Quotation,2011-06-30 00:47:00.537666+00:00,Karel de Groot,start
24,Analyze Request for Quotation,2011-06-30 01:00:41.839016+00:00,Karel de Groot,complete
24,Send Request for Quotation to Supplier,2011-07-01 04:57:12.068294+00:00,Magdalena Predutta,start
24,Send Request for Quotation to Supplier,2011-07-01 05:18:14.132529+00:00,Magdalena Predutta,complete
24,Create Quotation comparison Map,2011-07-01 06:22:40.250586+00:00,Magdalena Predutta,start
24,Create Quotation comparison Map,2011-07-01 10:04:16.132680+00:00,Magdalena Predutta,complete
24,Analyze Quotation Comparison Map,2011-07-01 18:55:47.626403+00:00,Nico Ojenbeer,start
24,Choose best option,2011-07-01 19:13:38.210618+00:00,Immanuel Karagianni,start
24,Choose best option,2011-07-01 19:13:38.210618+00:00,Immanuel Karagianni,complete
24,Analyze Quotation Comparison Map,2011-07-01 19:13:38.210618+00:00,Nico Ojenbeer,complete
24,Settle Conditions With Supplier,2011-07-01 22:26:18.941520+00:00,Magdalena Predutta,start
24,Settle Conditions With Supplier,2011-07-02 11:41:09.630853+00:00,Magdalena Predutta,complete
24,Create Purchase Order,2011-07-02 12:15:57.092648+00:00,Magdalena Predutta,start
24,Create Purchase Order,2011-07-02 12:24:30.965842+00:00,Magdalena Predutta,complete
24,Confirm Purchase Order,2011-07-03 02:43:50.416304+00:00,Esmeralda Clay,start
24,Confirm Purchase Order,2011-07-03 02:57:42.829866+00:00,Esmeralda Clay,complete
24,Deliver Goods Services,2011-07-03 14:42:45.810648+00:00,Sean Manney,start
24,Deliver Goods Services,2011-07-04 14:34:08.268399+00:00,Sean Manney,complete
24,Release Purchase Order,2011-07-04 19:28:07.879701+00:00,Immanuel Karagianni,start
24,Release Purchase Order,2011-07-04 19:29:07.879701+00:00,Immanuel Karagianni,complete
24,Approve Purchase Order for payment,2011-07-05 20:01:04.061716+00:00,Magdalena Predutta,start
24,Approve Purchase Order for payment,2011-07-05 20:02:04.061716+00:00,Magdalena Predutta,complete
24,Send Invoice,2011-07-06 16:51:49.197029+00:00,Carmen Finacse,start
24,Send Invoice,2011-07-06 16:51:49.197029+00:00,Carmen Finacse,complete
24,Release Supplier's Invoice,2011-07-07 09:18:09.708087+00:00,Karalda Nimwada,start
24,Authorize Supplier's Invoice payment,2011-07-07 09:23:07.022117+00:00,Karalda Nimwada,complete
24,Authorize Supplier's Invoice payment,2011-07-07 09:23:07.022117+00:00,Karalda Nimwada,start
24,Release Supplier's Invoice,2011-07-07 09:23:07.022117+00:00,Karalda Nimwada,complete
24,Pay Invoice,2011-07-07 10:00:09.382533+00:00,Karalda Nimwada,start
24,Pay Invoice,2011-07-07 10:12:08.885238+00:00,Karalda Nimwada,complete
25,Create Purchase Requisition,2011-06-14 13:26:19.469267+00:00,Nico Ojenbeer,start
25,Create Purchase Requisition,2011-06-14 14:11:25.424787+00:00,Nico Ojenbeer,complete
25,Create Request for Quotation,2011-06-14 19:26:26.916583+00:00,Immanuel Karagianni,start
25,Create Request for Quotation,2011-06-14 19:28:21.005000+00:00,Immanuel Karagianni,complete
25,Analyze Request for Quotation,2011-06-17 11:55:53.576314+00:00,Francois de Perrier,start
25,Analyze Request for Quotation,2011-06-17 12:27:13.516628+00:00,Francois de Perrier,complete
25,Send Request for Quotation to Supplier,2011-06-18 02:03:36.898346+00:00,Magdalena Predutta,start
25,Send Request for Quotation to Supplier,2011-06-18 02:24:23.727525+00:00,Magdalena Predutta,complete
25,Create Quotation comparison Map,2011-06-18 03:16:15.500676+00:00,Magdalena Predutta,start
25,Create Quotation comparison Map,2011-06-18 06:43:28.282775+00:00,Magdalena Predutta,complete
25,Analyze Quotation Comparison Map,2011-06-18 12:18:11.751619+00:00,Miu Hanwan,start
25,Analyze Quotation Comparison Map,2011-06-18 12:44:56.091061+00:00,Nico Ojenbeer,complete
25,Choose best option,2011-06-18 12:44:56.091061+00:00,Immanuel Karagianni,start
25,Choose best option,2011-06-18 12:44:56.091061+00:00,Immanuel Karagianni,complete
25,Settle Conditions With Supplier,2011-06-18 21:04:55.968112+00:00,Magdalena Predutta,start
25,Settle Conditions With Supplier,2011-06-19 10:45:23.451306+00:00,Magdalena Predutta,complete
25,Create Purchase Order,2011-06-19 14:14:30.942274+00:00,Magdalena Predutta,start
25,Create Purchase Order,2011-06-19 14:25:42.906761+00:00,Magdalena Predutta,complete
25,Confirm Purchase Order,2011-06-20 02:13:33.663760+00:00,Esmeralda Clay,start
25,Confirm Purchase Order,2011-06-20 02:23:32.804017+00:00,Esmeralda Clay,complete
25,Deliver Goods Services,2011-06-23 00:16:36.549555+00:00,Sean Manney,start
25,Deliver Goods Services,2011-06-24 01:28:52.038228+00:00,Sean Manney,complete
25,Release Purchase Order,2011-06-24 10:58:28.286377+00:00,Immanuel Karagianni,start
25,Release Purchase Order,2011-06-24 10:59:28.286377+00:00,Immanuel Karagianni,complete
25,Approve Purchase Order for payment,2011-06-25 03:53:58.474945+00:00,Magdalena Predutta,start
25,Approve Purchase Order for payment,2011-06-25 03:54:58.474945+00:00,Magdalena Predutta,complete
25,Send Invoice,2011-07-12 11:52:53.500032+00:00,Carmen Finacse,start
25,Send Invoice,2011-07-12 11:52:53.500032+00:00,Carmen Finacse,complete
25,Release Supplier's Invoice,2011-07-13 01:49:10.933349+00:00,Karalda Nimwada,start
25,Authorize Supplier's Invoice payment,2011-07-13 01:53:36.882473+00:00,Karalda Nimwada,start
25,Release Supplier's Invoice,2011-07-13 01:53:36.882473+00:00,Karalda Nimwada,complete
25,Authorize Supplier's Invoice payment,2011-07-13 01:56:13.040552+00:00,Karalda Nimwada,complete
25,Pay Invoice,2011-07-13 02:06:47.041803+00:00,Karalda Nimwada,start
25,Pay Invoice,2011-07-13 02:13:14.420603+00:00,Karalda Nimwada,complete
26,Create Purchase Requisition,2011-06-14 14:07:55.595663+00:00,Penn Osterwalder,start
26,Create Purchase Requisition,2011-06-14 15:48:02.518900+00:00,Penn Osterwalder,complete
26,Create Request for Quotation,2011-06-14 19:34:04.889757+00:00,Clement Duchot,start
26,Create Request for Quotation,2011-06-14 19:45:02.329766+00:00,Clement Duchot,complete
26,Analyze Request for Quotation,2011-06-14 23:11:12.517698+00:00,Francois de Perrier,start
26,Analyze Request for Quotation,2011-06-14 23:30:09.962754+00:00,Francois de Perrier,complete
26,Amend Request for Quotation,2011-06-15 01:43:50.350883+00:00,Immanuel Karagianni,start
26,Amend Request for Quotation,2011-06-15 01:52:10.766305+00:00,Immanuel Karagianni,complete
26,Analyze Request for Quotation,2011-06-18 11:47:10.467656+00:00,Francois de Perrier,start
26,Analyze Request for Quotation,2011-06-18 11:58:04.654452+00:00,Francois de Perrier,complete
26,Send Request for Quotation to Supplier,2011-06-19 02:47:31.296238+00:00,Magdalena Predutta,start
26,Send Request for Quotation to Supplier,2011-06-19 03:23:00.392529+00:00,Magdalena Predutta,complete
26,Create Quotation comparison Map,2011-06-19 10:33:46.373853+00:00,Magdalena Predutta,start
26,Create Quotation comparison Map,2011-06-19 13:37:18.180522+00:00,Magdalena Predutta,complete
26,Analyze Quotation Comparison Map,2011-06-19 22:08:00.302870+00:00,Nico Ojenbeer,start
26,Choose best option,2011-06-19 22:36:54.110954+00:00,Immanuel Karagianni,complete
26,Choose best option,2011-06-19 22:36:54.110954+00:00,Immanuel Karagianni,start
26,Analyze Quotation Comparison Map,2011-06-19 22:36:54.110954+00:00,Nico Ojenbeer,complete
26,Settle Conditions With Supplier,2011-06-20 01:51:38.620246+00:00,Magdalena Predutta,start
26,Settle Conditions With Supplier,2011-06-20 12:12:25.559315+00:00,Magdalena Predutta,complete
26,Create Purchase Order,2011-06-20 19:16:26.075206+00:00,Magdalena Predutta,start
26,Create Purchase Order,2011-06-20 19:28:52.166263+00:00,Magdalena Predutta,complete
26,Confirm Purchase Order,2011-06-24 05:10:31.769147+00:00,Esmeralda Clay,start
26,Confirm Purchase Order,2011-06-24 05:42:18.620547+00:00,Esmeralda Clay,complete
26,Deliver Goods Services,2011-06-24 18:51:50.287373+00:00,Sean Manney,start
26,Deliver Goods Services,2011-06-25 14:37:22.744887+00:00,Sean Manney,complete
26,Release Purchase Order,2011-06-25 20:03:50.223323+00:00,Immanuel Karagianni,start
26,Release Purchase Order,2011-06-25 20:04:50.223323+00:00,Immanuel Karagianni,complete
26,Settle Dispute With Supplier,2011-06-26 00:51:10.213252+00:00,Pedro Alvares,start
26,Settle Dispute With Supplier,2011-06-26 02:17:22.255272+00:00,Pedro Alvares,complete
26,Release Purchase Order,2011-06-26 12:33:56.446372+00:00,Immanuel Karagianni,start
26,Release Purchase Order,2011-06-26 12:34:56.446372+00:00,Immanuel Karagianni,complete
26,Approve Purchase Order for payment,2011-06-28 05:24:32.125673+00:00,Magdalena Predutta,start
26,Approve Purchase Order for payment,2011-06-28 05:25:32.125673+00:00,Magdalena Predutta,complete
26,Send Invoice,2011-06-28 09:31:38.440921+00:00,Carmen Finacse,start
26,Send Invoice,2011-06-28 09:31:38.440921+00:00,Carmen Finacse,complete
26,Release Supplier's Invoice,2011-06-28 22:25:15.151991+00:00,Karalda Nimwada,start
26,Authorize Supplier's Invoice payment,2011-06-28 22:30:06.895948+00:00,Karalda Nimwada,start
26,Release Supplier's Invoice,2011-06-28 22:30:06.895948+00:00,Karalda Nimwada,complete
26,Authorize Supplier's Invoice payment,2011-06-28 22:30:58.545086+00:00,Karalda Nimwada,complete
26,Pay Invoice,2011-06-28 23:07:50.087473+00:00,Karalda Nimwada,start
26,Pay Invoice,2011-06-28 23:14:15.767171+00:00,Karalda Nimwada,complete
27,Create Purchase Requisition,2011-06-15 05:58:38.736111+00:00,Clement Duchot,start
27,Create Purchase Requisition,2011-06-15 06:12:13.506770+00:00,Clement Duchot,complete
27,Create Request for Quotation,2011-06-15 09:40:37.060706+00:00,Alberto Duport,start
27,Create Request for Quotation,2011-06-15 09:45:25.428806+00:00,Alberto Duport,complete
27,Analyze Request for Quotation,2011-06-17 00:47:26.871976+00:00,Francois de Perrier,start
27,Analyze Request for Quotation,2011-06-17 01:08:09.255937+00:00,Francois de Perrier,complete
27,Send Request for Quotation to Supplier,2011-06-17 05:38:55.435944+00:00,Francois de Perrier,start
27,Send Request for Quotation to Supplier,2011-06-17 05:59:16.171168+00:00,Francois de Perrier,complete
27,Create Quotation comparison Map,2011-06-17 07:31:53.656305+00:00,Karel de Groot,start
27,Create Quotation comparison Map,2011-06-17 11:03:10.171041+00:00,Karel de Groot,complete
27,Analyze Quotation Comparison Map,2011-06-18 02:00:20.368496+00:00,Alberto Duport,start
27,Choose best option,2011-06-18 02:03:43.394348+00:00,Immanuel Karagianni,complete
27,Analyze Quotation Comparison Map,2011-06-18 02:03:43.394348+00:00,Nico Ojenbeer,complete
27,Choose best option,2011-06-18 02:03:43.394348+00:00,Immanuel Karagianni,start
27,Settle Conditions With Supplier,2011-06-18 04:11:13.940048+00:00,Magdalena Predutta,start
27,Settle Conditions With Supplier,2011-06-18 17:03:33.143560+00:00,Magdalena Predutta,complete
27,Create Purchase Order,2011-06-19 05:49:52.066963+00:00,Magdalena Predutta,start
27,Create Purchase Order,2011-06-19 05:58:23.972010+00:00,Magdalena Predutta,complete
27,Confirm Purchase Order,2011-06-21 11:39:19.013452+00:00,Esmeralda Clay,start
27,Confirm Purchase Order,2011-06-21 11:51:45.047095+00:00,Esmeralda Clay,complete
27,Deliver Goods Services,2011-07-13 15:37:14.292311+00:00,Sean Manney,start
27,Deliver Goods Services,2011-07-14 07:18:47.488553+00:00,Sean Manney,complete
27,Release Purchase Order,2011-07-14 15:06:52.568719+00:00,Immanuel Karagianni,start
27,Release Purchase Order,2011-07-14 15:07:52.568719+00:00,Immanuel Karagianni,complete
27,Approve Purchase Order for payment,2011-07-15 04:58:52.136954+00:00,Magdalena Predutta,start
27,Approve Purchase Order for payment,2011-07-15 04:59:52.136954+00:00,Magdalena Predutta,complete
27,Send Invoice,2011-07-15 09:15:25.666965+00:00,Carmen Finacse,start
27,Send Invoice,2011-07-15 09:15:25.666965+00:00,Carmen Finacse,complete
27,Release Supplier's Invoice,2011-07-15 23:32:53.028469+00:00,Karalda Nimwada,start
27,Release Supplier's Invoice,2011-07-15 23:39:12.879322+00:00,Karalda Nimwada,complete
27,Authorize Supplier's Invoice payment,2011-07-15 23:40:22.552122+00:00,Karalda Nimwada,start
27,Authorize Supplier's Invoice payment,2011-07-15 23:40:22.552122+00:00,Karalda Nimwada,complete
27,Pay Invoice,2011-07-15 23:54:06.747799+00:00,Karalda Nimwada,start
27,Pay Invoice,2011-07-16 02:05:42.095633+00:00,Karalda Nimwada,complete
28,Create Purchase Requisition,2011-06-16 16:33:25.993681+00:00,Alberto Duport,start
28,Create Purchase Requisition,2011-06-16 17:05:38.905101+00:00,Alberto Duport,complete
28,Analyze Purchase Requisition,2011-06-17 12:17:54.665501+00:00,Heinz Gutschmidt,start
28,Analyze Purchase Requisition,2011-06-17 12:24:25.874440+00:00,Heinz Gutschmidt,complete
29,Create Purchase Requisition,2011-06-16 18:31:35.663669+00:00,Anna Kaufmann,start
29,Create Purchase Requisition,2011-06-16 21:55:50.539982+00:00,Anna Kaufmann,complete
29,Create Request for Quotation,2011-06-17 01:03:21.528450+00:00,Christian Francois,start
29,Create Request for Quotation,2011-06-17 01:14:15.302038+00:00,Christian Francois,complete
29,Analyze Request for Quotation,2011-06-27 13:26:18.896427+00:00,Magdalena Predutta,start
29,Analyze Request for Quotation,2011-06-27 13:44:36.870961+00:00,Magdalena Predutta,complete
29,Send Request for Quotation to Supplier,2011-06-27 21:58:40.546456+00:00,Karel de Groot,start
29,Send Request for Quotation to Supplier,2011-06-27 22:16:30.391028+00:00,Karel de Groot,complete
29,Create Quotation comparison Map,2011-06-28 01:21:56.421398+00:00,Karel de Groot,start
29,Create Quotation comparison Map,2011-06-28 04:10:07.813254+00:00,Karel de Groot,complete
29,Analyze Quotation Comparison Map,2011-06-28 08:19:05.021677+00:00,Tesca Lobes,start
29,Choose best option,2011-06-28 08:45:08.307490+00:00,Immanuel Karagianni,complete
29,Analyze Quotation Comparison Map,2011-06-28 08:45:08.307490+00:00,Nico Ojenbeer,complete
29,Choose best option,2011-06-28 08:45:08.307490+00:00,Immanuel Karagianni,start
29,Settle Conditions With Supplier,2011-06-29 18:44:30.226454+00:00,Magdalena Predutta,start
29,Settle Conditions With Supplier,2011-06-30 05:11:05.900905+00:00,Magdalena Predutta,complete
29,Create Purchase Order,2011-06-30 18:50:55.324327+00:00,Magdalena Predutta,start
29,Create Purchase Order,2011-06-30 18:58:12.350443+00:00,Magdalena Predutta,complete
29,Confirm Purchase Order,2011-07-01 05:03:03.824520+00:00,Esmeralda Clay,start
29,Confirm Purchase Order,2011-07-01 05:22:59.935680+00:00,Esmeralda Clay,complete
29,Deliver Goods Services,2011-07-02 22:56:40.823809+00:00,Sean Manney,start
29,Deliver Goods Services,2011-07-04 02:59:37.653176+00:00,Sean Manney,complete
29,Release Purchase Order,2011-07-04 11:08:31.163719+00:00,Immanuel Karagianni,start
29,Release Purchase Order,2011-07-04 11:09:31.163719+00:00,Immanuel Karagianni,complete
29,Approve Purchase Order for payment,2011-07-04 22:25:03.142367+00:00,Magdalena Predutta,start
29,Approve Purchase Order for payment,2011-07-04 22:26:03.142367+00:00,Magdalena Predutta,complete
29,Send Invoice,2011-07-05 09:26:57.982902+00:00,Carmen Finacse,start
29,Send Invoice,2011-07-05 09:26:57.982902+00:00,Carmen Finacse,complete
29,Release Supplier's Invoice,2011-07-05 21:37:20.243256+00:00,Karalda Nimwada,start
29,Release Supplier's Invoice,2011-07-05 21:42:47.105169+00:00,Karalda Nimwada,complete
29,Authorize Supplier's Invoice payment,2011-07-05 21:47:01.597970+00:00,Karalda Nimwada,start
29,Authorize Supplier's Invoice payment,2011-07-05 21:47:01.597970+00:00,Karalda Nimwada,complete
29,Pay Invoice,2011-07-05 21:57:11.659354+00:00,Karalda Nimwada,start
29,Pay Invoice,2011-07-05 22:07:52.219091+00:00,Karalda Nimwada,complete
30,Create Purchase Requisition,2011-06-16 20:08:25.747115+00:00,Elvira Lores,start
30,Create Purchase Requisition,2011-06-16 21:40:16.354138+00:00,Elvira Lores,complete
30,Analyze Purchase Requisition,2011-06-17 23:36:38.978260+00:00,Francis Odell,start
30,Analyze Purchase Requisition,2011-06-17 23:46:35.517382+00:00,Francis Odell,complete
30,Create Request for Quotation,2011-06-17 23:54:35.517382+00:00,Maris Freeman,start
30,Create Request for Quotation,2011-06-18 00:08:50.883376+00:00,Maris Freeman,complete
30,Analyze Request for Quotation,2011-06-27 10:49:23.122433+00:00,Karel de Groot,start
30,Analyze Request for Quotation,2011-06-27 11:22:57.412836+00:00,Karel de Groot,complete
31,Create Purchase Requisition,2011-06-17 06:25:47.200863+00:00,Kim Passa,start
31,Create Purchase Requisition,2011-06-17 07:01:29.524828+00:00,Kim Passa,complete
31,Analyze Purchase Requisition,2011-06-18 09:48:30.819502+00:00,Heinz Gutschmidt,start
31,Analyze Purchase Requisition,2011-06-18 11:01:24.852189+00:00,Heinz Gutschmidt,complete
31,Create Request for Quotation,2011-06-18 11:07:13.695191+00:00,Francis Odell,start
31,Create Request for Quotation,2011-06-18 11:10:02.569532+00:00,Francis Odell,complete
31,Analyze Request for Quotation,2011-06-30 10:36:16.097235+00:00,Karel de Groot,start
31,Analyze Request for Quotation,2011-06-30 11:06:24.419898+00:00,Karel de Groot,complete
31,Send Request for Quotation to Supplier,2011-07-02 06:23:42.474943+00:00,Karel de Groot,start
31,Send Request for Quotation to Supplier,2011-07-02 06:55:20.889009+00:00,Karel de Groot,complete
31,Create Quotation comparison Map,2011-07-04 05:39:33.876151+00:00,Karel de Groot,start
31,Create Quotation comparison Map,2011-07-04 11:05:39.897381+00:00,Karel de Groot,complete
31,Analyze Quotation Comparison Map,2011-07-04 20:29:34.331377+00:00,Immanuel Karagianni,start
31,Analyze Quotation Comparison Map,2011-07-04 21:03:05.972856+00:00,Immanuel Karagianni,complete
31,Choose best option,2011-07-04 21:03:05.972856+00:00,Immanuel Karagianni,start
31,Choose best option,2011-07-04 21:03:05.972856+00:00,Immanuel Karagianni,complete
31,Settle Conditions With Supplier,2011-07-04 23:06:13.577378+00:00,Magdalena Predutta,start
31,Settle Conditions With Supplier,2011-07-05 10:19:57.770810+00:00,Magdalena Predutta,complete
31,Create Purchase Order,2011-07-05 11:40:10.365924+00:00,Magdalena Predutta,start
31,Create Purchase Order,2011-07-05 11:48:36.630345+00:00,Magdalena Predutta,complete
31,Confirm Purchase Order,2011-07-06 12:32:18.786541+00:00,Carmen Finacse,start
31,Confirm Purchase Order,2011-07-06 12:51:58.428722+00:00,Carmen Finacse,complete
31,Deliver Goods Services,2011-07-11 06:03:51.899128+00:00,Sean Manney,start
31,Deliver Goods Services,2011-07-11 06:03:51.899128+00:00,Sean Manney,complete
31,Release Purchase Order,2011-07-11 14:18:48.898321+00:00,Kim Passa,start
31,Release Purchase Order,2011-07-11 14:19:48.898321+00:00,Kim Passa,complete
31,Approve Purchase Order for payment,2011-07-11 18:52:39.278919+00:00,Francois de Perrier,start
31,Approve Purchase Order for payment,2011-07-11 18:53:39.278919+00:00,Francois de Perrier,complete
31,Send Invoice,2011-07-12 16:15:35.586001+00:00,Carmen Finacse,start
31,Send Invoice,2011-07-12 16:15:35.586001+00:00,Carmen Finacse,complete
31,Release Supplier's Invoice,2011-07-13 06:40:14.056461+00:00,Karalda Nimwada,start
31,Authorize Supplier's Invoice payment,2011-07-13 06:45:50.952840+00:00,Karalda Nimwada,complete
31,Authorize Supplier's Invoice payment,2011-07-13 06:45:50.952840+00:00,Karalda Nimwada,start
31,Release Supplier's Invoice,2011-07-13 06:45:50.952840+00:00,Karalda Nimwada,complete
31,Pay Invoice,2011-07-13 07:23:13.355484+00:00,Karalda Nimwada,start
31,Pay Invoice,2011-07-13 07:36:08.281560+00:00,Karalda Nimwada,complete
32,Create Purchase Requisition,2011-06-17 19:23:03.987728+00:00,Anne Olwada,start
32,Create Purchase Requisition,2011-06-17 20:06:39.425493+00:00,Anne Olwada,complete
32,Create Request for Quotation,2011-06-18 00:42:43.823286+00:00,Kim Passa,start
32,Create Request for Quotation,2011-06-18 00:45:41.288476+00:00,Kim Passa,complete
32,Analyze Request for Quotation,2011-06-19 09:31:12.566313+00:00,Francois de Perrier,start
32,Analyze Request for Quotation,2011-06-19 09:58:51.413535+00:00,Francois de Perrier,complete
32,Amend Request for Quotation,2011-06-19 10:04:02.968776+00:00,Nico Ojenbeer,start
32,Amend Request for Quotation,2011-06-19 10:09:07.654481+00:00,Nico Ojenbeer,complete
32,Analyze Request for Quotation,2011-07-12 05:02:52.207854+00:00,Magdalena Predutta,start
32,Analyze Request for Quotation,2011-07-12 05:18:28.857845+00:00,Magdalena Predutta,complete
32,Send Request for Quotation to Supplier,2011-07-12 17:16:57.828319+00:00,Magdalena Predutta,start
32,Send Request for Quotation to Supplier,2011-07-12 17:40:03.843034+00:00,Magdalena Predutta,complete
32,Create Quotation comparison Map,2011-07-12 19:27:05.062814+00:00,Magdalena Predutta,start
32,Create Quotation comparison Map,2011-07-13 00:35:20.907591+00:00,Magdalena Predutta,complete
32,Analyze Quotation Comparison Map,2011-07-13 04:30:31.644143+00:00,Nico Ojenbeer,start
32,Choose best option,2011-07-13 04:54:55.434713+00:00,Immanuel Karagianni,start
32,Choose best option,2011-07-13 04:54:55.434713+00:00,Immanuel Karagianni,complete
32,Analyze Quotation Comparison Map,2011-07-13 04:54:55.434713+00:00,Nico Ojenbeer,complete
32,Settle Conditions With Supplier,2011-07-13 08:38:32.018504+00:00,Magdalena Predutta,start
32,Settle Conditions With Supplier,2011-07-13 16:54:56.983211+00:00,Magdalena Predutta,complete
32,Create Purchase Order,2011-07-13 19:17:00.991450+00:00,Magdalena Predutta,start
32,Create Purchase Order,2011-07-13 19:27:59.453213+00:00,Magdalena Predutta,complete
32,Confirm Purchase Order,2011-07-14 01:32:10.225038+00:00,Esmeralda Clay,start
32,Confirm Purchase Order,2011-07-14 01:36:44.894400+00:00,Esmeralda Clay,complete
32,Deliver Goods Services,2011-07-22 12:42:43.917608+00:00,Sean Manney,start
32,Deliver Goods Services,2011-07-24 14:14:15.954329+00:00,Sean Manney,complete
32,Release Purchase Order,2011-07-24 21:04:56.974017+00:00,Immanuel Karagianni,start
32,Release Purchase Order,2011-07-24 21:05:56.974017+00:00,Immanuel Karagianni,complete
32,Approve Purchase Order for payment,2011-07-25 01:14:20.409167+00:00,Magdalena Predutta,start
32,Approve Purchase Order for payment,2011-07-25 01:15:20.409167+00:00,Magdalena Predutta,complete
32,Send Invoice,2011-07-27 03:05:38.155938+00:00,Carmen Finacse,complete
32,Send Invoice,2011-07-27 03:05:38.155938+00:00,Carmen Finacse,start
32,Release Supplier's Invoice,2011-07-27 19:36:01.197102+00:00,Karalda Nimwada,start
32,Authorize Supplier's Invoice payment,2011-07-27 19:41:00.341598+00:00,Karalda Nimwada,complete
32,Authorize Supplier's Invoice payment,2011-07-27 19:41:00.341598+00:00,Karalda Nimwada,start
32,Release Supplier's Invoice,2011-07-27 19:41:00.341598+00:00,Karalda Nimwada,complete
32,Pay Invoice,2011-07-27 22:15:32.621995+00:00,Karalda Nimwada,start
32,Pay Invoice,2011-07-27 22:25:36.049901+00:00,Karalda Nimwada,complete
33,Create Purchase Requisition,2011-06-18 01:15:08.450605+00:00,Christian Francois,start
33,Create Purchase Requisition,2011-06-18 05:12:40.602538+00:00,Christian Francois,complete
33,Create Request for Quotation,2011-06-18 10:41:36.951621+00:00,Esmana Liubiata,start
33,Create Request for Quotation,2011-06-18 10:43:59.796928+00:00,Esmana Liubiata,complete
33,Analyze Request for Quotation,2011-06-20 04:24:56.119369+00:00,Karel de Groot,start
33,Analyze Request for Quotation,2011-06-20 05:00:35.350291+00:00,Karel de Groot,complete
33,Amend Request for Quotation,2011-06-20 06:23:10.772100+00:00,Immanuel Karagianni,start
33,Amend Request for Quotation,2011-06-20 06:33:48.801815+00:00,Immanuel Karagianni,complete
33,Analyze Request for Quotation,2011-06-20 09:36:33.186055+00:00,Francois de Perrier,start
33,Analyze Request for Quotation,2011-06-20 10:09:21.491954+00:00,Francois de Perrier,complete
33,Send Request for Quotation to Supplier,2011-06-20 17:47:45.239989+00:00,Magdalena Predutta,start
33,Send Request for Quotation to Supplier,2011-06-20 17:58:32.633820+00:00,Magdalena Predutta,complete
33,Create Quotation comparison Map,2011-06-20 19:12:15.092321+00:00,Magdalena Predutta,start
33,Create Quotation comparison Map,2011-06-21 00:14:17.708085+00:00,Magdalena Predutta,complete
33,Analyze Quotation Comparison Map,2011-06-21 08:32:54.004567+00:00,Nico Ojenbeer,start
33,Choose best option,2011-06-21 09:06:54.004567+00:00,Immanuel Karagianni,start
33,Analyze Quotation Comparison Map,2011-06-21 09:06:54.004567+00:00,Nico Ojenbeer,complete
33,Choose best option,2011-06-21 09:06:54.004567+00:00,Immanuel Karagianni,complete
33,Settle Conditions With Supplier,2011-06-22 17:05:32.181309+00:00,Magdalena Predutta,start
33,Settle Conditions With Supplier,2011-06-22 23:05:26.009127+00:00,Magdalena Predutta,complete
33,Create Purchase Order,2011-06-22 23:39:50.830877+00:00,Magdalena Predutta,start
33,Create Purchase Order,2011-06-22 23:46:56.867873+00:00,Magdalena Predutta,complete
33,Confirm Purchase Order,2011-06-25 23:25:46.325963+00:00,Esmeralda Clay,start
33,Confirm Purchase Order,2011-06-25 23:54:38.046311+00:00,Esmeralda Clay,complete
33,Deliver Goods Services,2011-06-26 14:43:49.373638+00:00,Sean Manney,start
33,Deliver Goods Services,2011-06-29 00:32:49.373638+00:00,Sean Manney,complete
33,Release Purchase Order,2011-06-29 10:29:15.223979+00:00,Immanuel Karagianni,start
33,Release Purchase Order,2011-06-29 10:30:15.223979+00:00,Immanuel Karagianni,complete
33,Approve Purchase Order for payment,2011-06-29 21:51:33.297640+00:00,Magdalena Predutta,start
33,Approve Purchase Order for payment,2011-06-29 21:52:33.297640+00:00,Magdalena Predutta,complete
33,Send Invoice,2011-07-01 11:58:44.449947+00:00,Carmen Finacse,start
33,Send Invoice,2011-07-01 11:58:44.449947+00:00,Carmen Finacse,complete
33,Release Supplier's Invoice,2011-07-02 07:33:20.953912+00:00,Karalda Nimwada,start
33,Release Supplier's Invoice,2011-07-02 07:38:45.914005+00:00,Karalda Nimwada,complete
33,Settle Dispute With Supplier,2011-07-02 08:13:33.179694+00:00,Pedro Alvares,start
33,Settle Dispute With Supplier,2011-07-02 08:53:02.668848+00:00,Pedro Alvares,complete
33,Authorize Supplier's Invoice payment,2011-07-02 08:53:02.668848+00:00,Karalda Nimwada,start
33,Authorize Supplier's Invoice payment,2011-07-02 08:53:02.668848+00:00,Karalda Nimwada,complete
33,Pay Invoice,2011-07-02 09:22:53.477150+00:00,Karalda Nimwada,start
33,Pay Invoice,2011-07-02 09:31:01.352904+00:00,Karalda Nimwada,complete
34,Create Purchase Requisition,2011-06-18 03:34:04.869918+00:00,Alberto Duport,start
34,Create Purchase Requisition,2011-06-18 03:52:11.119907+00:00,Alberto Duport,complete
34,Create Request for Quotation,2011-06-18 11:00:08.823461+00:00,Miu Hanwan,start
34,Create Request for Quotation,2011-06-18 11:06:14.042004+00:00,Miu Hanwan,complete
34,Analyze Request for Quotation,2011-06-23 07:43:37.045853+00:00,Karel de Groot,start
34,Analyze Request for Quotation,2011-06-23 08:08:25.099042+00:00,Karel de Groot,complete
34,Send Request for Quotation to Supplier,2011-06-23 14:30:44.811919+00:00,Magdalena Predutta,start
34,Send Request for Quotation to Supplier,2011-06-23 14:42:52.495483+00:00,Magdalena Predutta,complete
34,Create Quotation comparison Map,2011-06-23 18:06:18.177942+00:00,Magdalena Predutta,start
34,Create Quotation comparison Map,2011-06-23 21:26:53.321979+00:00,Magdalena Predutta,complete
34,Analyze Quotation Comparison Map,2011-06-23 22:50:22.769214+00:00,Elvira Lores,start
34,Choose best option,2011-06-23 23:04:04.531055+00:00,Anne Olwada,start
34,Choose best option,2011-06-23 23:04:04.531055+00:00,Immanuel Karagianni,complete
34,Analyze Quotation Comparison Map,2011-06-23 23:04:04.531055+00:00,Nico Ojenbeer,complete
34,Settle Conditions With Supplier,2011-06-24 08:41:44.048082+00:00,Magdalena Predutta,start
34,Settle Conditions With Supplier,2011-06-24 16:31:57.963214+00:00,Magdalena Predutta,complete
34,Create Purchase Order,2011-06-25 10:04:28.514663+00:00,Magdalena Predutta,start
34,Create Purchase Order,2011-06-25 10:15:34.359628+00:00,Magdalena Predutta,complete
34,Confirm Purchase Order,2011-06-25 14:54:13.636486+00:00,Esmeralda Clay,start
34,Confirm Purchase Order,2011-06-25 16:08:13.856886+00:00,Esmeralda Clay,complete
34,Deliver Goods Services,2011-07-01 04:15:58.187815+00:00,Sean Manney,start
34,Deliver Goods Services,2011-07-02 16:51:31.717481+00:00,Sean Manney,complete
34,Release Purchase Order,2011-07-02 23:32:40.678443+00:00,Immanuel Karagianni,start
34,Release Purchase Order,2011-07-02 23:33:40.678443+00:00,Immanuel Karagianni,complete
34,Approve Purchase Order for payment,2011-07-03 06:06:01.868332+00:00,Magdalena Predutta,start
34,Approve Purchase Order for payment,2011-07-03 06:07:01.868332+00:00,Magdalena Predutta,complete
34,Send Invoice,2011-07-03 12:29:55.382555+00:00,Carmen Finacse,start
34,Send Invoice,2011-07-03 12:29:55.382555+00:00,Carmen Finacse,complete
34,Release Supplier's Invoice,2011-07-04 00:17:32.380965+00:00,Karalda Nimwada,start
34,Release Supplier's Invoice,2011-07-04 00:23:42.768269+00:00,Karalda Nimwada,complete
34,Settle Dispute With Supplier,2011-07-04 00:56:59.526243+00:00,Pedro Alvares,start
34,Authorize Supplier's Invoice payment,2011-07-04 01:16:56.561602+00:00,Karalda Nimwada,complete
34,Authorize Supplier's Invoice payment,2011-07-04 01:16:56.561602+00:00,Karalda Nimwada,start
34,Settle Dispute With Supplier,2011-07-04 01:16:56.561602+00:00,Pedro Alvares,complete
34,Pay Invoice,2011-07-04 01:34:00.508314+00:00,Karalda Nimwada,start
34,Pay Invoice,2011-07-04 01:43:37.244787+00:00,Karalda Nimwada,complete
35,Create Purchase Requisition,2011-06-18 07:08:58.122409+00:00,Esmana Liubiata,start
35,Create Purchase Requisition,2011-06-18 07:16:04.446345+00:00,Esmana Liubiata,complete
35,Analyze Purchase Requisition,2011-06-18 21:11:23.304594+00:00,Francis Odell,start
35,Analyze Purchase Requisition,2011-06-18 21:20:22.029782+00:00,Francis Odell,complete
35,Create Request for Quotation,2011-06-18 21:24:50.385468+00:00,Maris Freeman,start
35,Create Request for Quotation,2011-06-18 21:27:42.721420+00:00,Maris Freeman,complete
35,Analyze Request for Quotation,2011-08-02 11:14:13.006421+00:00,Magdalena Predutta,start
35,Analyze Request for Quotation,2011-08-02 11:38:41.164229+00:00,Magdalena Predutta,complete
35,Amend Request for Quotation,2011-08-02 14:37:07.350433+00:00,Maris Freeman,start
35,Amend Request for Quotation,2011-08-02 14:46:57.083846+00:00,Maris Freeman,complete
35,Analyze Request for Quotation,2011-08-03 10:55:19.668021+00:00,Karel de Groot,start
35,Analyze Request for Quotation,2011-08-03 11:22:13.850109+00:00,Karel de Groot,complete
35,Amend Request for Quotation,2011-08-03 12:14:24.302605+00:00,Maris Freeman,start
35,Amend Request for Quotation,2011-08-03 12:26:57.983406+00:00,Maris Freeman,complete
35,Analyze Request for Quotation,2011-08-03 18:01:29.164277+00:00,Karel de Groot,start
35,Analyze Request for Quotation,2011-08-03 18:27:59.624210+00:00,Karel de Groot,complete
35,Send Request for Quotation to Supplier,2011-08-04 03:29:11.755737+00:00,Magdalena Predutta,start
35,Send Request for Quotation to Supplier,2011-08-04 03:46:44.864549+00:00,Magdalena Predutta,complete
35,Create Quotation comparison Map,2011-08-04 04:42:42.311725+00:00,Magdalena Predutta,start
35,Create Quotation comparison Map,2011-08-04 07:46:42.682443+00:00,Magdalena Predutta,complete
35,Analyze Quotation Comparison Map,2011-08-04 19:59:42.682443+00:00,Nico Ojenbeer,start
35,Analyze Quotation Comparison Map,2011-08-04 20:16:51.094180+00:00,Nico Ojenbeer,complete
35,Choose best option,2011-08-04 20:16:51.094180+00:00,Immanuel Karagianni,start
35,Choose best option,2011-08-04 20:16:51.094180+00:00,Immanuel Karagianni,complete
35,Settle Conditions With Supplier,2011-08-05 02:38:33.740418+00:00,Magdalena Predutta,start
35,Settle Conditions With Supplier,2011-08-05 11:57:20.142835+00:00,Magdalena Predutta,complete
35,Create Purchase Order,2011-08-05 12:18:24.672837+00:00,Magdalena Predutta,start
35,Create Purchase Order,2011-08-05 12:26:25.277403+00:00,Magdalena Predutta,complete
35,Confirm Purchase Order,2011-08-06 05:34:53.870059+00:00,Esmeralda Clay,start
35,Confirm Purchase Order,2011-08-06 05:44:26.248155+00:00,Esmeralda Clay,complete
35,Deliver Goods Services,2011-08-08 08:29:12.714790+00:00,Sean Manney,start
35,Deliver Goods Services,2011-08-09 16:54:17.443394+00:00,Sean Manney,complete
35,Release Purchase Order,2011-08-09 20:33:20.456237+00:00,Immanuel Karagianni,start
35,Release Purchase Order,2011-08-09 20:34:20.456237+00:00,Immanuel Karagianni,complete
35,Approve Purchase Order for payment,2011-08-11 09:00:04.763918+00:00,Magdalena Predutta,start
35,Approve Purchase Order for payment,2011-08-11 09:01:04.763918+00:00,Magdalena Predutta,complete
35,Send Invoice,2011-08-11 16:17:19.592037+00:00,Carmen Finacse,start
35,Send Invoice,2011-08-11 16:17:19.592037+00:00,Carmen Finacse,complete
35,Release Supplier's Invoice,2011-08-12 05:02:20.235724+00:00,Karalda Nimwada,start
35,Release Supplier's Invoice,2011-08-12 05:08:14.224776+00:00,Karalda Nimwada,complete
35,Settle Dispute With Supplier,2011-08-12 05:15:37.329049+00:00,Pedro Alvares,start
35,Settle Dispute With Supplier,2011-08-12 13:49:27.541818+00:00,Pedro Alvares,complete
35,Authorize Supplier's Invoice payment,2011-08-12 13:49:27.541818+00:00,Karalda Nimwada,start
35,Authorize Supplier's Invoice payment,2011-08-12 13:49:27.541818+00:00,Karalda Nimwada,complete
35,Pay Invoice,2011-08-12 14:40:57.453148+00:00,Karalda Nimwada,start
35,Pay Invoice,2011-08-12 14:48:12.808881+00:00,Karalda Nimwada,complete
36,Create Purchase Requisition,2011-06-19 03:47:33.904416+00:00,Clement Duchot,start
36,Create Purchase Requisition,2011-06-19 04:50:18.197456+00:00,Clement Duchot,complete
36,Create Request for Quotation,2011-06-19 05:15:19.977417+00:00,Alberto Duport,start
36,Create Request for Quotation,2011-06-19 05:16:26.946969+00:00,Alberto Duport,complete
36,Analyze Request for Quotation,2011-06-20 17:37:10.123777+00:00,Francois de Perrier,start
36,Analyze Request for Quotation,2011-06-20 18:06:08.221296+00:00,Francois de Perrier,complete
36,Send Request for Quotation to Supplier,2011-06-21 17:18:13.179895+00:00,Francois de Perrier,start
36,Send Request for Quotation to Supplier,2011-06-21 17:35:44.982357+00:00,Francois de Perrier,complete
36,Create Quotation comparison Map,2011-06-21 20:18:41.785479+00:00,Karel de Groot,start
36,Create Quotation comparison Map,2011-06-22 01:15:12.756289+00:00,Karel de Groot,complete
36,Analyze Quotation Comparison Map,2011-06-22 09:33:12.513303+00:00,Alberto Duport,start
36,Analyze Quotation Comparison Map,2011-06-22 10:20:08.353563+00:00,Nico Ojenbeer,complete
36,Choose best option,2011-06-22 10:20:08.353563+00:00,Immanuel Karagianni,start
36,Choose best option,2011-06-22 10:20:08.353563+00:00,Immanuel Karagianni,complete
36,Settle Conditions With Supplier,2011-06-23 03:25:48.148836+00:00,Magdalena Predutta,start
36,Settle Conditions With Supplier,2011-06-23 07:47:59.919685+00:00,Magdalena Predutta,complete
36,Create Purchase Order,2011-06-23 21:18:39.417952+00:00,Magdalena Predutta,start
36,Create Purchase Order,2011-06-23 21:28:22.640120+00:00,Magdalena Predutta,complete
36,Confirm Purchase Order,2011-06-26 01:42:54.274718+00:00,Esmeralda Clay,start
36,Confirm Purchase Order,2011-06-26 01:42:54.274718+00:00,Esmeralda Clay,complete
36,Deliver Goods Services,2011-06-27 18:39:56.344921+00:00,Sean Manney,start
36,Deliver Goods Services,2011-06-28 18:16:15.752352+00:00,Sean Manney,complete
36,Release Purchase Order,2011-06-28 22:55:14.110786+00:00,Immanuel Karagianni,start
36,Release Purchase Order,2011-06-28 22:56:14.110786+00:00,Immanuel Karagianni,complete
36,Approve Purchase Order for payment,2011-06-29 14:15:55.146524+00:00,Magdalena Predutta,start
36,Approve Purchase Order for payment,2011-06-29 14:16:55.146524+00:00,Magdalena Predutta,complete
36,Send Invoice,2011-06-29 17:37:43.276569+00:00,Carmen Finacse,complete
36,Send Invoice,2011-06-29 17:37:43.276569+00:00,Carmen Finacse,start
36,Release Supplier's Invoice,2011-06-30 10:11:28.261111+00:00,Karalda Nimwada,start
36,Authorize Supplier's Invoice payment,2011-06-30 10:16:34.512088+00:00,Karalda Nimwada,start
36,Release Supplier's Invoice,2011-06-30 10:16:34.512088+00:00,Karalda Nimwada,complete
36,Authorize Supplier's Invoice payment,2011-06-30 10:16:34.512088+00:00,Karalda Nimwada,complete
36,Pay Invoice,2011-06-30 10:24:46.348319+00:00,Karalda Nimwada,start
36,Pay Invoice,2011-06-30 10:30:18.609513+00:00,Karalda Nimwada,complete
37,Create Purchase Requisition,2011-06-19 04:40:42.043697+00:00,Clement Duchot,start
37,Create Purchase Requisition,2011-06-19 05:21:54.780794+00:00,Clement Duchot,complete
37,Analyze Purchase Requisition,2011-06-19 18:22:49.124311+00:00,Heinz Gutschmidt,start
37,Analyze Purchase Requisition,2011-06-19 18:28:40.020277+00:00,Heinz Gutschmidt,complete
37,Create Request for Quotation,2011-06-19 18:36:40.020277+00:00,Maris Freeman,start
37,Create Request for Quotation,2011-06-19 18:52:40.020277+00:00,Maris Freeman,complete
37,Analyze Request for Quotation,2011-06-23 17:50:03.898508+00:00,Francois de Perrier,start
37,Analyze Request for Quotation,2011-06-23 18:04:08.412128+00:00,Francois de Perrier,complete
37,Send Request for Quotation to Supplier,2011-06-24 01:28:32.367301+00:00,Magdalena Predutta,start
37,Send Request for Quotation to Supplier,2011-06-24 01:43:56.361439+00:00,Magdalena Predutta,complete
37,Create Quotation comparison Map,2011-06-24 03:15:16.014550+00:00,Magdalena Predutta,start
37,Create Quotation comparison Map,2011-06-24 04:45:22.566488+00:00,Magdalena Predutta,complete
37,Analyze Quotation Comparison Map,2011-06-24 11:18:28.178029+00:00,Penn Osterwalder,start
37,Choose best option,2011-06-24 13:26:40.311293+00:00,Immanuel Karagianni,complete
37,Choose best option,2011-06-24 13:26:40.311293+00:00,Immanuel Karagianni,start
37,Analyze Quotation Comparison Map,2011-06-24 13:26:40.311293+00:00,Nico Ojenbeer,complete
37,Settle Conditions With Supplier,2011-06-24 19:13:38.639847+00:00,Magdalena Predutta,start
37,Settle Conditions With Supplier,2011-06-25 05:05:14.722664+00:00,Magdalena Predutta,complete
37,Create Purchase Order,2011-06-25 11:07:49.932273+00:00,Magdalena Predutta,start
37,Create Purchase Order,2011-06-25 11:14:29.673299+00:00,Magdalena Predutta,complete
37,Confirm Purchase Order,2011-06-26 11:36:41.890765+00:00,Esmeralda Clay,start
37,Confirm Purchase Order,2011-06-26 11:48:48.355833+00:00,Esmeralda Clay,complete
37,Deliver Goods Services,2011-06-27 07:29:23.842319+00:00,Sean Manney,start
37,Deliver Goods Services,2011-06-28 08:23:37.577058+00:00,Sean Manney,complete
37,Release Purchase Order,2011-06-28 18:41:31.042274+00:00,Immanuel Karagianni,start
37,Release Purchase Order,2011-06-28 18:42:31.042274+00:00,Immanuel Karagianni,complete
37,Approve Purchase Order for payment,2011-06-29 01:57:33.347125+00:00,Magdalena Predutta,start
37,Approve Purchase Order for payment,2011-06-29 01:58:33.347125+00:00,Magdalena Predutta,complete
37,Send Invoice,2011-06-29 09:37:19.499392+00:00,Carmen Finacse,start
37,Send Invoice,2011-06-29 09:37:19.499392+00:00,Carmen Finacse,complete
37,Release Supplier's Invoice,2011-06-30 03:14:19.499392+00:00,Karalda Nimwada,start
37,Authorize Supplier's Invoice payment,2011-06-30 03:19:19.771955+00:00,Karalda Nimwada,complete
37,Authorize Supplier's Invoice payment,2011-06-30 03:19:19.771955+00:00,Karalda Nimwada,start
37,Release Supplier's Invoice,2011-06-30 03:19:19.771955+00:00,Karalda Nimwada,complete
37,Pay Invoice,2011-06-30 03:26:42.374875+00:00,Karalda Nimwada,start
37,Pay Invoice,2011-06-30 03:38:24.617832+00:00,Karalda Nimwada,complete
38,Create Purchase Requisition,2011-06-19 07:28:43.881022+00:00,Penn Osterwalder,start
38,Create Purchase Requisition,2011-06-19 08:14:08.297287+00:00,Penn Osterwalder,complete
38,Create Request for Quotation,2011-06-19 15:34:49.509791+00:00,Esmana Liubiata,start
38,Create Request for Quotation,2011-06-19 15:48:32.883215+00:00,Esmana Liubiata,complete
38,Analyze Request for Quotation,2011-06-25 23:57:42.765763+00:00,Magdalena Predutta,start
38,Analyze Request for Quotation,2011-06-26 00:17:05.103867+00:00,Magdalena Predutta,complete
38,Amend Request for Quotation,2011-06-26 05:02:37.890434+00:00,Clement Duchot,start
38,Amend Request for Quotation,2011-06-26 05:09:39.640315+00:00,Clement Duchot,complete
38,Analyze Request for Quotation,2011-06-26 14:05:02.352796+00:00,Karel de Groot,start
38,Analyze Request for Quotation,2011-06-26 14:39:57.866281+00:00,Karel de Groot,complete
38,Send Request for Quotation to Supplier,2011-06-27 23:09:39.618396+00:00,Magdalena Predutta,start
38,Send Request for Quotation to Supplier,2011-06-27 23:19:30.254836+00:00,Magdalena Predutta,complete
38,Create Quotation comparison Map,2011-06-28 00:01:51.611498+00:00,Magdalena Predutta,start
38,Create Quotation comparison Map,2011-06-28 01:13:31.460400+00:00,Magdalena Predutta,complete
38,Analyze Quotation Comparison Map,2011-06-28 08:28:40.413750+00:00,Nico Ojenbeer,start
38,Choose best option,2011-06-28 08:34:03.776908+00:00,Immanuel Karagianni,complete
38,Choose best option,2011-06-28 08:34:03.776908+00:00,Immanuel Karagianni,start
38,Analyze Quotation Comparison Map,2011-06-28 08:34:03.776908+00:00,Nico Ojenbeer,complete
38,Settle Conditions With Supplier,2011-06-28 10:52:24.568901+00:00,Magdalena Predutta,start
38,Settle Conditions With Supplier,2011-06-28 15:50:16.443213+00:00,Magdalena Predutta,complete
38,Create Purchase Order,2011-06-28 16:38:43.952737+00:00,Magdalena Predutta,start
38,Create Purchase Order,2011-06-28 16:44:50.643449+00:00,Magdalena Predutta,complete
38,Confirm Purchase Order,2011-07-04 09:45:57.497551+00:00,Esmeralda Clay,start
38,Confirm Purchase Order,2011-07-04 09:59:40.780975+00:00,Esmeralda Clay,complete
38,Deliver Goods Services,2011-07-08 07:43:41.726305+00:00,Sean Manney,start
38,Deliver Goods Services,2011-07-08 18:08:55.437952+00:00,Sean Manney,complete
38,Release Purchase Order,2011-07-09 07:49:15.686872+00:00,Immanuel Karagianni,start
38,Release Purchase Order,2011-07-09 07:50:15.686872+00:00,Immanuel Karagianni,complete
38,Approve Purchase Order for payment,2011-07-10 01:44:58.758642+00:00,Magdalena Predutta,start
38,Approve Purchase Order for payment,2011-07-10 01:45:58.758642+00:00,Magdalena Predutta,complete
38,Send Invoice,2011-07-13 14:35:22.826366+00:00,Carmen Finacse,complete
38,Send Invoice,2011-07-13 14:35:22.826366+00:00,Carmen Finacse,start
38,Release Supplier's Invoice,2011-07-14 05:27:59.920587+00:00,Karalda Nimwada,start
38,Release Supplier's Invoice,2011-07-14 05:31:13.634732+00:00,Karalda Nimwada,complete
38,Authorize Supplier's Invoice payment,2011-07-14 05:31:13.634732+00:00,Karalda Nimwada,start
38,Authorize Supplier's Invoice payment,2011-07-14 05:31:13.634732+00:00,Karalda Nimwada,complete
38,Pay Invoice,2011-07-14 06:01:41.987664+00:00,Karalda Nimwada,start
38,Pay Invoice,2011-07-14 06:08:47.985679+00:00,Karalda Nimwada,complete
39,Create Purchase Requisition,2011-06-20 00:38:03.717093+00:00,Nico Ojenbeer,start
39,Create Purchase Requisition,2011-06-20 01:46:19.119491+00:00,Nico Ojenbeer,complete
39,Analyze Purchase Requisition,2011-06-20 23:51:04.416636+00:00,Francis Odell,start
39,Analyze Purchase Requisition,2011-06-20 23:58:30.018965+00:00,Francis Odell,complete
39,Create Request for Quotation,2011-06-21 00:02:56.958768+00:00,Heinz Gutschmidt,start
39,Create Request for Quotation,2011-06-21 00:04:57.640912+00:00,Heinz Gutschmidt,complete
39,Analyze Request for Quotation,2011-07-03 21:58:12.293737+00:00,Magdalena Predutta,start
39,Analyze Request for Quotation,2011-07-03 22:10:04.335452+00:00,Magdalena Predutta,complete
39,Send Request for Quotation to Supplier,2011-07-04 22:51:06.377519+00:00,Magdalena Predutta,start
39,Send Request for Quotation to Supplier,2011-07-04 23:05:01.360724+00:00,Magdalena Predutta,complete
39,Create Quotation comparison Map,2011-07-04 23:44:29.873793+00:00,Magdalena Predutta,start
39,Create Quotation comparison Map,2011-07-05 03:27:39.336809+00:00,Magdalena Predutta,complete
39,Analyze Quotation Comparison Map,2011-07-05 08:27:34.931022+00:00,Nico Ojenbeer,start
39,Choose best option,2011-07-05 08:59:40.470870+00:00,Immanuel Karagianni,start
39,Analyze Quotation Comparison Map,2011-07-05 08:59:40.470870+00:00,Nico Ojenbeer,complete
39,Choose best option,2011-07-05 08:59:40.470870+00:00,Immanuel Karagianni,complete
39,Settle Conditions With Supplier,2011-07-05 12:03:58.159600+00:00,Magdalena Predutta,start
39,Settle Conditions With Supplier,2011-07-05 18:08:48.730276+00:00,Magdalena Predutta,complete
39,Create Purchase Order,2011-07-06 01:54:59.373177+00:00,Magdalena Predutta,start
39,Create Purchase Order,2011-07-06 02:05:58.378296+00:00,Magdalena Predutta,complete
39,Confirm Purchase Order,2011-07-06 14:11:34.036175+00:00,Esmeralda Clay,start
39,Confirm Purchase Order,2011-07-06 14:13:14.588876+00:00,Esmeralda Clay,complete
39,Deliver Goods Services,2011-07-07 17:47:56.700707+00:00,Sean Manney,start
39,Deliver Goods Services,2011-07-08 07:44:56.196936+00:00,Sean Manney,complete
39,Release Purchase Order,2011-07-09 00:31:21.847971+00:00,Immanuel Karagianni,start
39,Release Purchase Order,2011-07-09 00:32:21.847971+00:00,Immanuel Karagianni,complete
39,Approve Purchase Order for payment,2011-07-09 13:03:23.498418+00:00,Magdalena Predutta,start
39,Approve Purchase Order for payment,2011-07-09 13:04:23.498418+00:00,Magdalena Predutta,complete
39,Send Invoice,2011-07-11 20:24:37.189633+00:00,Carmen Finacse,start
39,Send Invoice,2011-07-11 20:24:37.189633+00:00,Carmen Finacse,complete
39,Release Supplier's Invoice,2011-07-12 10:09:40.991049+00:00,Karalda Nimwada,start
39,Authorize Supplier's Invoice payment,2011-07-12 10:14:01.565410+00:00,Karalda Nimwada,complete
39,Authorize Supplier's Invoice payment,2011-07-12 10:14:01.565410+00:00,Karalda Nimwada,start
39,Release Supplier's Invoice,2011-07-12 10:14:01.565410+00:00,Karalda Nimwada,complete
39,Pay Invoice,2011-07-12 10:50:31.350545+00:00,Karalda Nimwada,start
39,Pay Invoice,2011-07-12 10:59:50.624763+00:00,Karalda Nimwada,complete
40,Create Purchase Requisition,2011-06-20 13:14:54.475990+00:00,Fjodor Kowalski,start
40,Create Purchase Requisition,2011-06-20 13:21:40.420383+00:00,Fjodor Kowalski,complete
40,Create Request for Quotation,2011-06-20 15:38:31.505543+00:00,Clement Duchot,start
40,Create Request for Quotation,2011-06-20 15:40:59.239152+00:00,Clement Duchot,complete
40,Analyze Request for Quotation,2011-06-21 02:12:24.548122+00:00,Magdalena Predutta,start
40,Analyze Request for Quotation,2011-06-21 02:43:21.888932+00:00,Magdalena Predutta,complete
40,Send Request for Quotation to Supplier,2011-06-22 00:51:01.828891+00:00,Magdalena Predutta,start
40,Send Request for Quotation to Supplier,2011-06-22 01:07:05.006240+00:00,Magdalena Predutta,complete
40,Create Quotation comparison Map,2011-06-22 08:22:24.151668+00:00,Magdalena Predutta,start
40,Create Quotation comparison Map,2011-06-22 09:18:47.997473+00:00,Magdalena Predutta,complete
40,Analyze Quotation Comparison Map,2011-06-22 15:47:01.744215+00:00,Nico Ojenbeer,start
40,Analyze Quotation Comparison Map,2011-06-22 16:06:05.716708+00:00,Nico Ojenbeer,complete
40,Choose best option,2011-06-22 16:06:05.716708+00:00,Immanuel Karagianni,start
40,Choose best option,2011-06-22 16:06:05.716708+00:00,Immanuel Karagianni,complete
40,Settle Conditions With Supplier,2011-06-22 19:20:13.914887+00:00,Magdalena Predutta,start
40,Settle Conditions With Supplier,2011-06-23 00:47:23.316136+00:00,Magdalena Predutta,complete
40,Create Purchase Order,2011-06-23 13:49:57.634102+00:00,Magdalena Predutta,start
40,Create Purchase Order,2011-06-23 14:01:01.038091+00:00,Magdalena Predutta,complete
40,Confirm Purchase Order,2011-06-25 22:51:10.364746+00:00,Esmeralda Clay,start
40,Confirm Purchase Order,2011-06-25 23:17:58.703684+00:00,Esmeralda Clay,complete
40,Deliver Goods Services,2011-06-26 15:56:56.633874+00:00,Sean Manney,start
40,Deliver Goods Services,2011-06-27 16:31:27.452153+00:00,Sean Manney,complete
40,Release Purchase Order,2011-06-28 02:58:37.461293+00:00,Immanuel Karagianni,start
40,Release Purchase Order,2011-06-28 02:59:37.461293+00:00,Immanuel Karagianni,complete
40,Approve Purchase Order for payment,2011-06-28 13:24:24.152965+00:00,Magdalena Predutta,start
40,Approve Purchase Order for payment,2011-06-28 13:25:24.152965+00:00,Magdalena Predutta,complete
40,Send Invoice,2011-06-29 19:20:11.214751+00:00,Carmen Finacse,complete
40,Send Invoice,2011-06-29 19:20:11.214751+00:00,Carmen Finacse,start
40,Release Supplier's Invoice,2011-06-30 10:03:54.943992+00:00,Karalda Nimwada,start
40,Authorize Supplier's Invoice payment,2011-06-30 10:08:14.530431+00:00,Karalda Nimwada,start
40,Release Supplier's Invoice,2011-06-30 10:08:14.530431+00:00,Karalda Nimwada,complete
40,Authorize Supplier's Invoice payment,2011-06-30 10:09:54.611566+00:00,Karalda Nimwada,complete
40,Pay Invoice,2011-06-30 10:30:50.279290+00:00,Karalda Nimwada,start
40,Pay Invoice,2011-06-30 10:43:51.110239+00:00,Karalda Nimwada,complete
41,Create Purchase Requisition,2011-06-20 21:35:28.167952+00:00,Kim Passa,start
41,Create Purchase Requisition,2011-06-20 22:23:56.502123+00:00,Kim Passa,complete
41,Create Request for Quotation,2011-06-20 23:22:22.735214+00:00,Fjodor Kowalski,start
41,Create Request for Quotation,2011-06-20 23:23:58.077591+00:00,Fjodor Kowalski,complete
41,Analyze Request for Quotation,2011-06-21 02:26:50.571626+00:00,Karel de Groot,start
41,Analyze Request for Quotation,2011-06-21 03:04:33.354154+00:00,Karel de Groot,complete
41,Amend Request for Quotation,2011-06-21 05:18:19.897540+00:00,Maris Freeman,start
41,Amend Request for Quotation,2011-06-21 05:27:53.683870+00:00,Maris Freeman,complete
41,Analyze Request for Quotation,2011-06-22 22:26:14.295748+00:00,Karel de Groot,start
41,Analyze Request for Quotation,2011-06-22 22:38:28.758685+00:00,Karel de Groot,complete
41,Amend Request for Quotation,2011-06-23 01:17:58.520194+00:00,Maris Freeman,start
41,Amend Request for Quotation,2011-06-23 01:26:01.138954+00:00,Maris Freeman,complete
41,Analyze Request for Quotation,2011-06-24 23:33:23.266750+00:00,Karel de Groot,start
41,Analyze Request for Quotation,2011-06-24 23:52:09.248468+00:00,Karel de Groot,complete
41,Send Request for Quotation to Supplier,2011-06-25 01:52:01.547410+00:00,Magdalena Predutta,start
41,Send Request for Quotation to Supplier,2011-06-25 02:30:16.093287+00:00,Magdalena Predutta,complete
41,Create Quotation comparison Map,2011-06-25 08:00:42.065219+00:00,Magdalena Predutta,start
41,Create Quotation comparison Map,2011-06-25 10:08:22.121444+00:00,Magdalena Predutta,complete
41,Analyze Quotation Comparison Map,2011-06-25 13:45:40.107582+00:00,Nico Ojenbeer,start
41,Choose best option,2011-06-25 14:22:21.255591+00:00,Immanuel Karagianni,complete
41,Analyze Quotation Comparison Map,2011-06-25 14:22:21.255591+00:00,Nico Ojenbeer,complete
41,Choose best option,2011-06-25 14:22:21.255591+00:00,Immanuel Karagianni,start
41,Settle Conditions With Supplier,2011-06-26 19:56:10.019762+00:00,Magdalena Predutta,start
41,Settle Conditions With Supplier,2011-06-27 06:55:52.280982+00:00,Magdalena Predutta,complete
41,Create Purchase Order,2011-06-27 08:08:38.561579+00:00,Magdalena Predutta,start
41,Create Purchase Order,2011-06-27 08:16:47.902006+00:00,Magdalena Predutta,complete
41,Confirm Purchase Order,2011-06-27 15:10:28.901431+00:00,Esmeralda Clay,start
41,Confirm Purchase Order,2011-06-27 15:34:25.970403+00:00,Esmeralda Clay,complete
41,Deliver Goods Services,2011-07-02 01:33:00.656407+00:00,Sean Manney,start
41,Deliver Goods Services,2011-07-03 05:39:00.755300+00:00,Sean Manney,complete
41,Release Purchase Order,2011-07-03 14:26:20.125049+00:00,Immanuel Karagianni,start
41,Release Purchase Order,2011-07-03 14:27:20.125049+00:00,Immanuel Karagianni,complete
41,Approve Purchase Order for payment,2011-07-03 18:52:38.860313+00:00,Magdalena Predutta,start
41,Approve Purchase Order for payment,2011-07-03 18:53:38.860313+00:00,Magdalena Predutta,complete
41,Send Invoice,2011-07-04 13:10:43.799201+00:00,Carmen Finacse,start
41,Send Invoice,2011-07-04 13:10:43.799201+00:00,Carmen Finacse,complete
41,Release Supplier's Invoice,2011-07-05 03:00:43.934189+00:00,Karalda Nimwada,start
41,Release Supplier's Invoice,2011-07-05 03:04:22.413321+00:00,Karalda Nimwada,complete
41,Settle Dispute With Supplier,2011-07-05 03:51:46.964181+00:00,Pedro Alvares,start
41,Authorize Supplier's Invoice payment,2011-07-05 05:06:44.443750+00:00,Karalda Nimwada,start
41,Settle Dispute With Supplier,2011-07-05 05:06:44.443750+00:00,Pedro Alvares,complete
41,Authorize Supplier's Invoice payment,2011-07-05 05:08:49.864174+00:00,Karalda Nimwada,complete
41,Pay Invoice,2011-07-05 05:20:16.294429+00:00,Karalda Nimwada,start
41,Pay Invoice,2011-07-05 05:29:11.334217+00:00,Karalda Nimwada,complete
42,Create Purchase Requisition,2011-06-20 22:33:57.754226+00:00,Clement Duchot,start
42,Create Purchase Requisition,2011-06-20 23:01:44.589588+00:00,Clement Duchot,complete
42,Create Request for Quotation,2011-06-21 00:35:57.729727+00:00,Christian Francois,start
42,Create Request for Quotation,2011-06-21 00:44:04.720350+00:00,Christian Francois,complete
42,Analyze Request for Quotation,2011-06-22 07:36:56.281354+00:00,Francois de Perrier,start
42,Analyze Request for Quotation,2011-06-22 08:06:32.888832+00:00,Francois de Perrier,complete
42,Amend Request for Quotation,2011-06-22 11:25:54.116695+00:00,Maris Freeman,start
42,Amend Request for Quotation,2011-06-22 11:34:17.750073+00:00,Maris Freeman,complete
42,Analyze Request for Quotation,2011-06-22 12:15:17.501152+00:00,Karel de Groot,start
42,Analyze Request for Quotation,2011-06-22 12:29:42.171680+00:00,Karel de Groot,complete
42,Amend Request for Quotation,2011-06-22 12:33:14.518590+00:00,Maris Freeman,start
42,Amend Request for Quotation,2011-06-22 12:43:29.958796+00:00,Maris Freeman,complete
42,Analyze Request for Quotation,2011-06-22 13:04:09.485670+00:00,Karel de Groot,start
42,Analyze Request for Quotation,2011-06-22 13:35:22.065384+00:00,Karel de Groot,complete
42,Amend Request for Quotation,2011-06-22 13:50:58.158523+00:00,Maris Freeman,start
42,Amend Request for Quotation,2011-06-22 13:57:43.264575+00:00,Maris Freeman,complete
42,Analyze Request for Quotation,2011-06-23 08:01:53.716397+00:00,Karel de Groot,start
42,Analyze Request for Quotation,2011-06-23 08:30:14.553110+00:00,Karel de Groot,complete
42,Amend Request for Quotation,2011-06-23 09:34:16.681038+00:00,Maris Freeman,start
42,Amend Request for Quotation,2011-06-23 09:45:35.598991+00:00,Maris Freeman,complete
42,Analyze Request for Quotation,2011-06-23 13:50:00.846056+00:00,Karel de Groot,start
42,Analyze Request for Quotation,2011-06-23 14:10:04.490551+00:00,Karel de Groot,complete
42,Amend Request for Quotation,2011-06-23 20:30:55.921672+00:00,Maris Freeman,start
42,Amend Request for Quotation,2011-06-23 20:47:23.885630+00:00,Maris Freeman,complete
42,Analyze Request for Quotation,2011-06-26 21:40:51.124447+00:00,Karel de Groot,start
42,Analyze Request for Quotation,2011-06-26 21:55:29.589697+00:00,Karel de Groot,complete
42,Amend Request for Quotation,2011-06-27 00:01:01.228894+00:00,Maris Freeman,start
42,Amend Request for Quotation,2011-06-27 00:10:42.820987+00:00,Maris Freeman,complete
42,Analyze Request for Quotation,2011-07-17 22:25:31.124463+00:00,Karel de Groot,start
42,Analyze Request for Quotation,2011-07-17 22:36:56.546337+00:00,Karel de Groot,complete
42,Amend Request for Quotation,2011-07-18 00:50:09.311414+00:00,Maris Freeman,start
42,Amend Request for Quotation,2011-07-18 00:56:41.265334+00:00,Maris Freeman,complete
42,Analyze Request for Quotation,2011-07-19 02:31:46.418308+00:00,Karel de Groot,start
42,Analyze Request for Quotation,2011-07-19 03:00:36.510953+00:00,Karel de Groot,complete
42,Amend Request for Quotation,2011-07-19 06:13:12.833692+00:00,Maris Freeman,start
42,Amend Request for Quotation,2011-07-19 06:21:08.172207+00:00,Maris Freeman,complete
42,Analyze Request for Quotation,2011-07-20 03:31:18.165429+00:00,Karel de Groot,start
42,Analyze Request for Quotation,2011-07-20 03:50:34.025628+00:00,Karel de Groot,complete
42,Amend Request for Quotation,2011-07-20 05:23:59.332459+00:00,Maris Freeman,start
42,Amend Request for Quotation,2011-07-20 05:34:58.887001+00:00,Maris Freeman,complete
42,Analyze Request for Quotation,2011-07-20 17:37:08.513486+00:00,Karel de Groot,start
42,Analyze Request for Quotation,2011-07-20 17:50:01.052506+00:00,Karel de Groot,complete
42,Send Request for Quotation to Supplier,2011-07-22 07:46:46.003862+00:00,Magdalena Predutta,start
42,Send Request for Quotation to Supplier,2011-07-22 08:18:08.924729+00:00,Magdalena Predutta,complete
42,Create Quotation comparison Map,2011-07-23 12:18:06.299035+00:00,Magdalena Predutta,start
42,Create Quotation comparison Map,2011-07-23 17:29:26.198129+00:00,Magdalena Predutta,complete
42,Analyze Quotation Comparison Map,2011-07-24 06:53:32.318000+00:00,Nico Ojenbeer,start
42,Analyze Quotation Comparison Map,2011-07-24 07:09:53.200853+00:00,Nico Ojenbeer,complete
42,Choose best option,2011-07-24 07:09:53.200853+00:00,Immanuel Karagianni,start
42,Choose best option,2011-07-24 07:09:53.200853+00:00,Immanuel Karagianni,complete
42,Settle Conditions With Supplier,2011-07-24 10:05:10.771451+00:00,Magdalena Predutta,start
42,Settle Conditions With Supplier,2011-07-24 21:41:42.350035+00:00,Magdalena Predutta,complete
42,Create Purchase Order,2011-07-25 05:43:52.209792+00:00,Magdalena Predutta,start
42,Create Purchase Order,2011-07-25 05:52:11.401540+00:00,Magdalena Predutta,complete
42,Confirm Purchase Order,2011-07-25 11:14:21.633970+00:00,Esmeralda Clay,start
42,Confirm Purchase Order,2011-07-25 11:33:26.665435+00:00,Esmeralda Clay,complete
42,Deliver Goods Services,2011-07-26 22:28:07.155673+00:00,Sean Manney,start
42,Deliver Goods Services,2011-07-27 17:39:18.711802+00:00,Sean Manney,complete
42,Release Purchase Order,2011-07-28 00:10:16.848779+00:00,Immanuel Karagianni,start
42,Release Purchase Order,2011-07-28 00:11:16.848779+00:00,Immanuel Karagianni,complete
42,Approve Purchase Order for payment,2011-07-28 18:13:47.376626+00:00,Magdalena Predutta,start
42,Approve Purchase Order for payment,2011-07-28 18:14:47.376626+00:00,Magdalena Predutta,complete
42,Send Invoice,2011-07-29 18:50:34.375343+00:00,Carmen Finacse,complete
42,Send Invoice,2011-07-29 18:50:34.375343+00:00,Carmen Finacse,start
42,Release Supplier's Invoice,2011-07-30 11:58:13.716470+00:00,Karalda Nimwada,start
42,Authorize Supplier's Invoice payment,2011-07-30 12:01:01.779740+00:00,Karalda Nimwada,complete
42,Release Supplier's Invoice,2011-07-30 12:01:01.779740+00:00,Karalda Nimwada,complete
42,Authorize Supplier's Invoice payment,2011-07-30 12:05:30.562341+00:00,Karalda Nimwada,start
42,Pay Invoice,2011-07-30 13:03:30.948878+00:00,Karalda Nimwada,start
42,Pay Invoice,2011-07-30 13:13:40.847835+00:00,Karalda Nimwada,complete
43,Create Purchase Requisition,2011-06-20 23:02:44.024564+00:00,Miu Hanwan,start
43,Create Purchase Requisition,2011-06-20 23:30:17.953111+00:00,Miu Hanwan,complete
43,Analyze Purchase Requisition,2011-06-21 11:00:46.676768+00:00,Maris Freeman,start
43,Analyze Purchase Requisition,2011-06-21 11:07:52.367225+00:00,Maris Freeman,complete
43,Create Request for Quotation,2011-06-21 11:11:34.755914+00:00,Heinz Gutschmidt,start
43,Create Request for Quotation,2011-06-21 11:23:48.006399+00:00,Heinz Gutschmidt,complete
43,Analyze Request for Quotation,2011-06-22 14:08:04.008950+00:00,Magdalena Predutta,start
43,Analyze Request for Quotation,2011-06-22 14:24:53.172026+00:00,Magdalena Predutta,complete
43,Amend Request for Quotation,2011-06-22 15:34:06.284658+00:00,Maris Freeman,start
43,Amend Request for Quotation,2011-06-22 15:44:46.857540+00:00,Maris Freeman,complete
43,Analyze Request for Quotation,2011-06-23 04:31:53.050026+00:00,Karel de Groot,start
43,Analyze Request for Quotation,2011-06-23 05:03:46.412028+00:00,Karel de Groot,complete
43,Amend Request for Quotation,2011-06-23 12:18:07.678219+00:00,Maris Freeman,start
43,Amend Request for Quotation,2011-06-23 12:29:59.152759+00:00,Maris Freeman,complete
43,Analyze Request for Quotation,2011-06-24 12:43:35.732586+00:00,Karel de Groot,start
43,Analyze Request for Quotation,2011-06-24 13:00:32.393685+00:00,Karel de Groot,complete
43,Amend Request for Quotation,2011-06-24 13:02:40.405122+00:00,Maris Freeman,start
43,Amend Request for Quotation,2011-06-24 13:11:04.900528+00:00,Maris Freeman,complete
43,Analyze Request for Quotation,2011-06-25 04:10:02.188589+00:00,Karel de Groot,start
43,Analyze Request for Quotation,2011-06-25 04:54:24.359644+00:00,Karel de Groot,complete
43,Amend Request for Quotation,2011-06-25 06:46:22.116810+00:00,Maris Freeman,start
43,Amend Request for Quotation,2011-06-25 06:53:00.755298+00:00,Maris Freeman,complete
43,Analyze Request for Quotation,2011-06-28 22:09:49.099792+00:00,Karel de Groot,start
43,Analyze Request for Quotation,2011-06-28 22:44:08.900367+00:00,Karel de Groot,complete
43,Amend Request for Quotation,2011-06-29 01:59:35.247152+00:00,Maris Freeman,start
43,Amend Request for Quotation,2011-06-29 02:16:17.687336+00:00,Maris Freeman,complete
43,Analyze Request for Quotation,2011-06-30 17:31:24.394687+00:00,Karel de Groot,start
43,Analyze Request for Quotation,2011-06-30 18:03:10.666339+00:00,Karel de Groot,complete
43,Amend Request for Quotation,2011-06-30 21:12:42.641394+00:00,Maris Freeman,start
43,Amend Request for Quotation,2011-06-30 21:21:39.563879+00:00,Maris Freeman,complete
43,Analyze Request for Quotation,2011-07-01 20:18:59.170764+00:00,Karel de Groot,start
43,Analyze Request for Quotation,2011-07-01 20:44:15.453175+00:00,Karel de Groot,complete
43,Send Request for Quotation to Supplier,2011-07-02 21:57:34.914657+00:00,Magdalena Predutta,start
43,Send Request for Quotation to Supplier,2011-07-02 22:14:43.451807+00:00,Magdalena Predutta,complete
43,Create Quotation comparison Map,2011-07-02 22:18:10.029678+00:00,Magdalena Predutta,start
43,Create Quotation comparison Map,2011-07-03 01:38:45.862542+00:00,Magdalena Predutta,complete
43,Analyze Quotation Comparison Map,2011-07-03 10:44:04.142530+00:00,Nico Ojenbeer,start
43,Choose best option,2011-07-03 12:06:33.586586+00:00,Immanuel Karagianni,complete
43,Choose best option,2011-07-03 12:06:33.586586+00:00,Immanuel Karagianni,start
43,Analyze Quotation Comparison Map,2011-07-03 12:06:33.586586+00:00,Nico Ojenbeer,complete
43,Settle Conditions With Supplier,2011-07-03 17:03:00.850922+00:00,Magdalena Predutta,start
43,Settle Conditions With Supplier,2011-07-04 00:16:19.582366+00:00,Magdalena Predutta,complete
43,Create Purchase Order,2011-07-04 03:12:04.889553+00:00,Magdalena Predutta,start
43,Create Purchase Order,2011-07-04 03:24:00.220046+00:00,Magdalena Predutta,complete
43,Confirm Purchase Order,2011-07-05 17:46:32.846840+00:00,Esmeralda Clay,start
43,Confirm Purchase Order,2011-07-05 17:53:43.667031+00:00,Esmeralda Clay,complete
43,Deliver Goods Services,2011-07-08 07:10:51.572680+00:00,Sean Manney,start
43,Deliver Goods Services,2011-07-08 23:21:19.482646+00:00,Sean Manney,complete
43,Release Purchase Order,2011-07-09 06:05:33.894710+00:00,Immanuel Karagianni,start
43,Release Purchase Order,2011-07-09 06:06:33.894710+00:00,Immanuel Karagianni,complete
43,Approve Purchase Order for payment,2011-07-09 22:59:16.569200+00:00,Magdalena Predutta,start
43,Approve Purchase Order for payment,2011-07-09 23:00:16.569200+00:00,Magdalena Predutta,complete
43,Send Invoice,2011-07-10 19:51:54.585771+00:00,Carmen Finacse,start
43,Send Invoice,2011-07-10 19:51:54.585771+00:00,Carmen Finacse,complete
43,Release Supplier's Invoice,2011-07-11 11:18:53.697036+00:00,Karalda Nimwada,start
43,Authorize Supplier's Invoice payment,2011-07-11 11:23:44.739066+00:00,Karalda Nimwada,complete
43,Release Supplier's Invoice,2011-07-11 11:23:44.739066+00:00,Karalda Nimwada,complete
43,Authorize Supplier's Invoice payment,2011-07-11 11:27:17.389973+00:00,Karalda Nimwada,start
43,Pay Invoice,2011-07-11 12:04:41.051423+00:00,Karalda Nimwada,start
43,Pay Invoice,2011-07-11 12:12:13.923496+00:00,Karalda Nimwada,complete
44,Create Purchase Requisition,2011-06-21 00:12:21.376143+00:00,Miu Hanwan,start
44,Create Purchase Requisition,2011-06-21 00:43:52.172835+00:00,Miu Hanwan,complete
44,Create Request for Quotation,2011-06-21 05:26:29.166855+00:00,Anna Kaufmann,start
44,Create Request for Quotation,2011-06-21 05:31:23.322558+00:00,Anna Kaufmann,complete
44,Analyze Request for Quotation,2011-06-22 11:46:55.111507+00:00,Magdalena Predutta,start
44,Analyze Request for Quotation,2011-06-22 12:27:57.665703+00:00,Magdalena Predutta,complete
44,Send Request for Quotation to Supplier,2011-06-23 03:09:14.900414+00:00,Magdalena Predutta,start
44,Send Request for Quotation to Supplier,2011-06-23 03:33:41.903997+00:00,Magdalena Predutta,complete
44,Create Quotation comparison Map,2011-06-23 08:50:11.049666+00:00,Magdalena Predutta,start
44,Create Quotation comparison Map,2011-06-23 10:59:19.674017+00:00,Magdalena Predutta,complete
44,Analyze Quotation Comparison Map,2011-06-23 18:02:24.976535+00:00,Nico Ojenbeer,start
44,Choose best option,2011-06-23 20:16:27.133943+00:00,Immanuel Karagianni,start
44,Analyze Quotation Comparison Map,2011-06-23 20:16:27.133943+00:00,Nico Ojenbeer,complete
44,Choose best option,2011-06-23 20:16:27.133943+00:00,Immanuel Karagianni,complete
44,Settle Conditions With Supplier,2011-06-24 05:20:21.199609+00:00,Magdalena Predutta,start
44,Settle Conditions With Supplier,2011-06-24 11:06:56.433257+00:00,Magdalena Predutta,complete
44,Create Purchase Order,2011-06-24 15:21:42.010200+00:00,Magdalena Predutta,start
44,Create Purchase Order,2011-06-24 15:30:39.594497+00:00,Magdalena Predutta,complete
44,Confirm Purchase Order,2011-06-25 05:39:01.260924+00:00,Esmeralda Clay,start
44,Confirm Purchase Order,2011-06-25 05:57:35.439655+00:00,Esmeralda Clay,complete
44,Deliver Goods Services,2011-06-25 14:31:19.494065+00:00,Sean Manney,start
44,Deliver Goods Services,2011-06-26 10:08:03.459175+00:00,Sean Manney,complete
44,Release Purchase Order,2011-06-26 20:06:24.750963+00:00,Immanuel Karagianni,start
44,Release Purchase Order,2011-06-26 20:07:24.750963+00:00,Immanuel Karagianni,complete
44,Approve Purchase Order for payment,2011-06-27 07:13:21.603958+00:00,Magdalena Predutta,start
44,Approve Purchase Order for payment,2011-06-27 07:14:21.603958+00:00,Magdalena Predutta,complete
44,Send Invoice,2011-06-27 15:09:32.681407+00:00,Carmen Finacse,start
44,Send Invoice,2011-06-27 15:09:32.681407+00:00,Carmen Finacse,complete
44,Release Supplier's Invoice,2011-06-28 01:56:51.631654+00:00,Karalda Nimwada,start
44,Release Supplier's Invoice,2011-06-28 03:03:26.299875+00:00,Karalda Nimwada,complete
44,Authorize Supplier's Invoice payment,2011-06-28 03:03:26.299875+00:00,Karalda Nimwada,start
44,Authorize Supplier's Invoice payment,2011-06-28 03:03:26.299875+00:00,Karalda Nimwada,complete
44,Pay Invoice,2011-06-28 03:36:55.725837+00:00,Karalda Nimwada,start
44,Pay Invoice,2011-06-28 03:50:30.537952+00:00,Karalda Nimwada,complete
45,Create Purchase Requisition,2011-06-21 12:15:56.878286+00:00,Penn Osterwalder,start
45,Create Purchase Requisition,2011-06-21 12:38:58.943131+00:00,Penn Osterwalder,complete
45,Analyze Purchase Requisition,2011-06-22 08:59:33.774580+00:00,Francis Odell,start
45,Analyze Purchase Requisition,2011-06-22 09:05:03.733137+00:00,Francis Odell,complete
45,Create Request for Quotation,2011-06-22 09:11:23.988151+00:00,Heinz Gutschmidt,start
45,Create Request for Quotation,2011-06-22 09:14:10.810136+00:00,Heinz Gutschmidt,complete
45,Analyze Request for Quotation,2011-06-29 16:28:39.316012+00:00,Magdalena Predutta,start
45,Analyze Request for Quotation,2011-06-29 16:51:03.743013+00:00,Magdalena Predutta,complete
45,Amend Request for Quotation,2011-06-29 19:30:41.934300+00:00,Maris Freeman,start
45,Amend Request for Quotation,2011-06-29 19:39:06.648284+00:00,Maris Freeman,complete
45,Analyze Request for Quotation,2011-06-30 10:58:55.153196+00:00,Karel de Groot,start
45,Analyze Request for Quotation,2011-06-30 11:29:24.422209+00:00,Karel de Groot,complete
45,Amend Request for Quotation,2011-06-30 17:48:17.726376+00:00,Maris Freeman,start
45,Amend Request for Quotation,2011-06-30 17:53:50.262734+00:00,Maris Freeman,complete
45,Analyze Request for Quotation,2011-07-13 07:44:57.118975+00:00,Karel de Groot,start
45,Analyze Request for Quotation,2011-07-13 08:12:08.213992+00:00,Karel de Groot,complete
45,Amend Request for Quotation,2011-07-13 08:36:16.253925+00:00,Maris Freeman,start
45,Amend Request for Quotation,2011-07-13 08:48:17.959869+00:00,Maris Freeman,complete
45,Analyze Request for Quotation,2011-07-13 15:18:31.783105+00:00,Karel de Groot,start
45,Analyze Request for Quotation,2011-07-13 15:40:35.264039+00:00,Karel de Groot,complete
45,Amend Request for Quotation,2011-07-13 18:41:28.647584+00:00,Maris Freeman,start
45,Amend Request for Quotation,2011-07-13 18:46:12.124638+00:00,Maris Freeman,complete
45,Analyze Request for Quotation,2011-07-27 22:26:08.912379+00:00,Karel de Groot,start
45,Analyze Request for Quotation,2011-07-27 22:42:12.466455+00:00,Karel de Groot,complete
45,Send Request for Quotation to Supplier,2011-07-28 11:22:43.678931+00:00,Magdalena Predutta,start
45,Send Request for Quotation to Supplier,2011-07-28 11:49:08.042557+00:00,Magdalena Predutta,complete
45,Create Quotation comparison Map,2011-07-28 12:41:45.937705+00:00,Magdalena Predutta,start
45,Create Quotation comparison Map,2011-07-28 16:10:10.677387+00:00,Magdalena Predutta,complete
45,Analyze Quotation Comparison Map,2011-07-28 20:29:10.829548+00:00,Nico Ojenbeer,start
45,Choose best option,2011-07-28 20:46:06.495200+00:00,Immanuel Karagianni,start
45,Choose best option,2011-07-28 20:46:06.495200+00:00,Immanuel Karagianni,complete
45,Analyze Quotation Comparison Map,2011-07-28 20:46:06.495200+00:00,Nico Ojenbeer,complete
45,Settle Conditions With Supplier,2011-07-29 09:23:20.041100+00:00,Magdalena Predutta,start
45,Settle Conditions With Supplier,2011-07-29 15:46:50.490733+00:00,Magdalena Predutta,complete
45,Create Purchase Order,2011-07-29 22:26:46.616634+00:00,Magdalena Predutta,start
45,Create Purchase Order,2011-07-29 22:37:35.812174+00:00,Magdalena Predutta,complete
45,Confirm Purchase Order,2011-07-30 06:16:34.505921+00:00,Esmeralda Clay,start
45,Confirm Purchase Order,2011-07-30 06:58:55.407429+00:00,Esmeralda Clay,complete
45,Deliver Goods Services,2011-08-01 22:18:28.424279+00:00,Sean Manney,start
45,Deliver Goods Services,2011-08-02 05:19:30.662045+00:00,Sean Manney,complete
45,Release Purchase Order,2011-08-02 14:04:01.489187+00:00,Immanuel Karagianni,start
45,Release Purchase Order,2011-08-02 14:05:01.489187+00:00,Immanuel Karagianni,complete
45,Approve Purchase Order for payment,2011-08-03 04:39:07.365629+00:00,Magdalena Predutta,start
45,Approve Purchase Order for payment,2011-08-03 04:40:07.365629+00:00,Magdalena Predutta,complete
45,Send Invoice,2011-08-08 23:15:14.090895+00:00,Carmen Finacse,start
45,Send Invoice,2011-08-08 23:15:14.090895+00:00,Carmen Finacse,complete
45,Release Supplier's Invoice,2011-08-09 13:27:46.745865+00:00,Karalda Nimwada,start
45,Authorize Supplier's Invoice payment,2011-08-09 13:33:06.272764+00:00,Karalda Nimwada,start
45,Authorize Supplier's Invoice payment,2011-08-09 13:33:06.272764+00:00,Karalda Nimwada,complete
45,Release Supplier's Invoice,2011-08-09 13:33:06.272764+00:00,Karalda Nimwada,complete
45,Pay Invoice,2011-08-09 14:04:55.534784+00:00,Karalda Nimwada,start
45,Pay Invoice,2011-08-09 14:09:24.335121+00:00,Karalda Nimwada,complete
46,Create Purchase Requisition,2011-06-21 13:36:28.872394+00:00,Clement Duchot,start
46,Create Purchase Requisition,2011-06-21 17:21:44.401088+00:00,Clement Duchot,complete
46,Analyze Purchase Requisition,2011-06-22 13:25:04.548670+00:00,Maris Freeman,start
46,Analyze Purchase Requisition,2011-06-22 13:33:36.578647+00:00,Maris Freeman,complete
46,Create Request for Quotation,2011-06-22 13:40:25.177034+00:00,Maris Freeman,start
46,Create Request for Quotation,2011-06-22 13:41:40.601821+00:00,Maris Freeman,complete
46,Analyze Request for Quotation,2011-06-24 10:23:06.375378+00:00,Francois de Perrier,start
46,Analyze Request for Quotation,2011-06-24 10:45:24.044771+00:00,Francois de Perrier,complete
46,Send Request for Quotation to Supplier,2011-06-24 15:06:36.075269+00:00,Karel de Groot,start
46,Send Request for Quotation to Supplier,2011-06-24 15:26:50.662672+00:00,Karel de Groot,complete
46,Create Quotation comparison Map,2011-06-24 23:30:46.250852+00:00,Karel de Groot,start
46,Create Quotation comparison Map,2011-06-25 01:15:44.599582+00:00,Karel de Groot,complete
46,Analyze Quotation Comparison Map,2011-06-25 09:25:52.526786+00:00,Immanuel Karagianni,start
46,Choose best option,2011-06-25 09:41:16.926855+00:00,Miu Hanwan,start
46,Analyze Quotation Comparison Map,2011-06-25 09:41:16.926855+00:00,Nico Ojenbeer,complete
46,Choose best option,2011-06-25 09:41:16.926855+00:00,Immanuel Karagianni,complete
46,Settle Conditions With Supplier,2011-06-25 13:29:28.475750+00:00,Magdalena Predutta,start
46,Settle Conditions With Supplier,2011-06-25 18:53:15.545560+00:00,Magdalena Predutta,complete
46,Create Purchase Order,2011-06-26 09:36:38.462069+00:00,Magdalena Predutta,start
46,Create Purchase Order,2011-06-26 09:49:20.781210+00:00,Magdalena Predutta,complete
46,Confirm Purchase Order,2011-06-28 11:11:41.054758+00:00,Esmeralda Clay,start
46,Confirm Purchase Order,2011-06-28 11:28:59.960138+00:00,Esmeralda Clay,complete
46,Deliver Goods Services,2011-06-29 03:25:42.220355+00:00,Sean Manney,start
46,Deliver Goods Services,2011-06-30 19:51:23.688185+00:00,Sean Manney,complete
46,Release Purchase Order,2011-07-01 01:01:51.054908+00:00,Immanuel Karagianni,start
46,Release Purchase Order,2011-07-01 01:02:51.054908+00:00,Immanuel Karagianni,complete
46,Approve Purchase Order for payment,2011-07-01 12:25:56.008956+00:00,Magdalena Predutta,start
46,Approve Purchase Order for payment,2011-07-01 12:26:56.008956+00:00,Magdalena Predutta,complete
46,Send Invoice,2011-07-03 23:13:44.014601+00:00,Carmen Finacse,start
46,Send Invoice,2011-07-03 23:13:44.014601+00:00,Carmen Finacse,complete
46,Authorize Supplier's Invoice payment,2011-07-04 14:19:51.729668+00:00,Karalda Nimwada,start
46,Authorize Supplier's Invoice payment,2011-07-04 14:19:51.729668+00:00,Karalda Nimwada,complete
46,Pay Invoice,2011-07-04 15:04:37.323426+00:00,Karalda Nimwada,start
46,Pay Invoice,2011-07-04 15:14:10.350568+00:00,Karalda Nimwada,complete
47,Create Purchase Requisition,2011-06-21 14:46:31.229417+00:00,Elvira Lores,start
47,Create Purchase Requisition,2011-06-21 16:15:44.873185+00:00,Elvira Lores,complete
47,Analyze Purchase Requisition,2011-06-22 03:19:13.341325+00:00,Maris Freeman,start
47,Analyze Purchase Requisition,2011-06-22 03:26:23.236469+00:00,Maris Freeman,complete
47,Create Request for Quotation,2011-06-22 03:33:21.913046+00:00,Francis Odell,start
47,Create Request for Quotation,2011-06-22 03:37:30.223921+00:00,Francis Odell,complete
47,Analyze Request for Quotation,2011-06-22 08:54:03.285520+00:00,Magdalena Predutta,start
47,Analyze Request for Quotation,2011-06-22 09:21:25.971795+00:00,Magdalena Predutta,complete
48,Create Purchase Requisition,2011-06-21 15:07:13.249460+00:00,Penn Osterwalder,start
48,Create Purchase Requisition,2011-06-21 15:37:06.436729+00:00,Penn Osterwalder,complete
48,Create Request for Quotation,2011-06-21 21:02:49.301147+00:00,Fjodor Kowalski,start
48,Create Request for Quotation,2011-06-21 21:04:03.950672+00:00,Fjodor Kowalski,complete
48,Analyze Request for Quotation,2011-07-06 01:48:35.272911+00:00,Karel de Groot,start
48,Analyze Request for Quotation,2011-07-06 02:25:26.022753+00:00,Karel de Groot,complete
48,Amend Request for Quotation,2011-07-06 02:39:40.617712+00:00,Christian Francois,start
48,Amend Request for Quotation,2011-07-06 02:49:25.661169+00:00,Christian Francois,complete
48,Analyze Request for Quotation,2011-07-06 05:13:30.841787+00:00,Magdalena Predutta,start
48,Analyze Request for Quotation,2011-07-06 05:29:49.363937+00:00,Magdalena Predutta,complete
48,Amend Request for Quotation,2011-07-06 08:03:18.394563+00:00,Elvira Lores,start
48,Amend Request for Quotation,2011-07-06 08:10:10.492624+00:00,Elvira Lores,complete
48,Analyze Request for Quotation,2011-07-06 09:15:43.431932+00:00,Francois de Perrier,start
48,Analyze Request for Quotation,2011-07-06 09:24:09.525538+00:00,Francois de Perrier,complete
48,Amend Request for Quotation,2011-07-06 09:39:12.720086+00:00,Maris Freeman,start
48,Amend Request for Quotation,2011-07-06 09:48:08.787110+00:00,Maris Freeman,complete
48,Analyze Request for Quotation,2011-07-06 21:24:08.346992+00:00,Karel de Groot,start
48,Analyze Request for Quotation,2011-07-06 21:36:30.046948+00:00,Karel de Groot,complete
48,Send Request for Quotation to Supplier,2011-07-09 07:20:37.153817+00:00,Magdalena Predutta,start
48,Send Request for Quotation to Supplier,2011-07-09 07:30:56.986104+00:00,Magdalena Predutta,complete
48,Create Quotation comparison Map,2011-07-09 13:51:21.562109+00:00,Magdalena Predutta,start
48,Create Quotation comparison Map,2011-07-09 18:59:07.414612+00:00,Magdalena Predutta,complete
48,Analyze Quotation Comparison Map,2011-07-10 07:37:04.900625+00:00,Nico Ojenbeer,start
48,Choose best option,2011-07-10 08:11:04.900625+00:00,Immanuel Karagianni,start
48,Choose best option,2011-07-10 08:11:04.900625+00:00,Immanuel Karagianni,complete
48,Analyze Quotation Comparison Map,2011-07-10 08:11:04.900625+00:00,Nico Ojenbeer,complete
48,Settle Conditions With Supplier,2011-07-10 10:03:14.078410+00:00,Magdalena Predutta,start
48,Settle Conditions With Supplier,2011-07-10 17:04:56.576313+00:00,Magdalena Predutta,complete
48,Create Purchase Order,2011-07-10 17:58:02.614620+00:00,Magdalena Predutta,start
48,Create Purchase Order,2011-07-10 18:10:41.926064+00:00,Magdalena Predutta,complete
48,Confirm Purchase Order,2011-07-11 09:41:20.337481+00:00,Esmeralda Clay,start
48,Confirm Purchase Order,2011-07-11 09:41:20.337481+00:00,Esmeralda Clay,complete
48,Deliver Goods Services,2011-07-13 03:51:00.464642+00:00,Sean Manney,start
48,Deliver Goods Services,2011-07-14 10:27:21.893524+00:00,Sean Manney,complete
48,Release Purchase Order,2011-07-14 14:58:29.449676+00:00,Immanuel Karagianni,start
48,Release Purchase Order,2011-07-14 14:59:29.449676+00:00,Immanuel Karagianni,complete
48,Approve Purchase Order for payment,2011-07-15 19:36:34.760757+00:00,Magdalena Predutta,start
48,Approve Purchase Order for payment,2011-07-15 19:37:34.760757+00:00,Magdalena Predutta,complete
48,Send Invoice,2011-07-19 00:57:40.998903+00:00,Carmen Finacse,complete
48,Send Invoice,2011-07-19 00:57:40.998903+00:00,Carmen Finacse,start
48,Release Supplier's Invoice,2011-07-19 13:31:11.586647+00:00,Karalda Nimwada,start
48,Authorize Supplier's Invoice payment,2011-07-19 13:35:46.257411+00:00,Karalda Nimwada,complete
48,Release Supplier's Invoice,2011-07-19 13:35:46.257411+00:00,Karalda Nimwada,complete
48,Authorize Supplier's Invoice payment,2011-07-19 13:35:46.257411+00:00,Karalda Nimwada,start
48,Pay Invoice,2011-07-19 13:58:06.224787+00:00,Karalda Nimwada,start
48,Pay Invoice,2011-07-19 14:11:12.550488+00:00,Karalda Nimwada,complete
49,Create Purchase Requisition,2011-06-22 07:13:57.459056+00:00,Anne Olwada,start
49,Create Purchase Requisition,2011-06-22 08:06:38.971244+00:00,Anne Olwada,complete
49,Analyze Purchase Requisition,2011-06-23 07:27:14.203273+00:00,Francis Odell,start
49,Analyze Purchase Requisition,2011-06-23 07:32:53.679346+00:00,Francis Odell,complete
49,Create Request for Quotation,2011-06-23 09:06:55.296410+00:00,Maris Freeman,start
49,Create Request for Quotation,2011-06-23 09:11:19.459481+00:00,Maris Freeman,complete
49,Analyze Request for Quotation,2011-06-23 12:22:37.009374+00:00,Karel de Groot,start
49,Analyze Request for Quotation,2011-06-23 12:36:20.408905+00:00,Karel de Groot,complete
49,Amend Request for Quotation,2011-06-23 23:54:15.665414+00:00,Fjodor Kowalski,start
49,Amend Request for Quotation,2011-06-24 00:11:28.190259+00:00,Fjodor Kowalski,complete
49,Analyze Request for Quotation,2011-07-16 01:14:40.857807+00:00,Karel de Groot,start
49,Analyze Request for Quotation,2011-07-16 01:36:21.935925+00:00,Karel de Groot,complete
49,Send Request for Quotation to Supplier,2011-07-16 03:23:48.953567+00:00,Magdalena Predutta,start
49,Send Request for Quotation to Supplier,2011-07-16 03:42:38.178168+00:00,Magdalena Predutta,complete
49,Create Quotation comparison Map,2011-07-18 13:04:38.178168+00:00,Magdalena Predutta,start
49,Create Quotation comparison Map,2011-07-18 16:14:43.001490+00:00,Magdalena Predutta,complete
49,Analyze Quotation Comparison Map,2011-07-19 00:57:05.358428+00:00,Nico Ojenbeer,start
49,Choose best option,2011-07-19 02:10:15.331709+00:00,Immanuel Karagianni,start
49,Choose best option,2011-07-19 02:10:15.331709+00:00,Immanuel Karagianni,complete
49,Analyze Quotation Comparison Map,2011-07-19 02:10:15.331709+00:00,Nico Ojenbeer,complete
49,Settle Conditions With Supplier,2011-07-20 00:18:03.645075+00:00,Magdalena Predutta,start
49,Settle Conditions With Supplier,2011-07-20 06:06:18.950816+00:00,Magdalena Predutta,complete
49,Create Purchase Order,2011-07-20 16:19:31.398614+00:00,Magdalena Predutta,start
49,Create Purchase Order,2011-07-20 16:31:51.361486+00:00,Magdalena Predutta,complete
49,Confirm Purchase Order,2011-07-21 02:51:40.246995+00:00,Esmeralda Clay,start
49,Confirm Purchase Order,2011-07-21 03:01:28.092088+00:00,Esmeralda Clay,complete
49,Deliver Goods Services,2011-07-21 21:16:36.969466+00:00,Sean Manney,start
49,Deliver Goods Services,2011-07-22 16:32:46.555141+00:00,Sean Manney,complete
49,Release Purchase Order,2011-07-23 02:55:12.902302+00:00,Immanuel Karagianni,start
49,Release Purchase Order,2011-07-23 02:56:12.902302+00:00,Immanuel Karagianni,complete
49,Approve Purchase Order for payment,2011-07-23 15:36:34.794549+00:00,Magdalena Predutta,start
49,Approve Purchase Order for payment,2011-07-23 15:37:34.794549+00:00,Magdalena Predutta,complete
49,Send Invoice,2011-07-24 13:16:30.434403+00:00,Carmen Finacse,complete
49,Send Invoice,2011-07-24 13:16:30.434403+00:00,Carmen Finacse,start
49,Release Supplier's Invoice,2011-07-25 01:54:16.207490+00:00,Karalda Nimwada,start
49,Release Supplier's Invoice,2011-07-25 01:59:37.944379+00:00,Karalda Nimwada,complete
49,Settle Dispute With Supplier,2011-07-25 02:40:58.551605+00:00,Pedro Alvares,start
49,Settle Dispute With Supplier,2011-07-25 03:37:22.867274+00:00,Pedro Alvares,complete
49,Authorize Supplier's Invoice payment,2011-07-25 03:42:39.574939+00:00,Karalda Nimwada,start
49,Authorize Supplier's Invoice payment,2011-07-25 03:42:39.574939+00:00,Karalda Nimwada,complete
49,Pay Invoice,2011-07-25 04:23:00.506550+00:00,Karalda Nimwada,start
49,Pay Invoice,2011-07-25 04:32:37.287268+00:00,Karalda Nimwada,complete
50,Create Purchase Requisition,2011-06-22 09:46:55.313693+00:00,Anne Olwada,start
50,Create Purchase Requisition,2011-06-22 10:20:14.886075+00:00,Anne Olwada,complete
50,Create Request for Quotation,2011-06-22 17:34:14.545753+00:00,Anne Olwada,start
50,Create Request for Quotation,2011-06-22 17:35:17.576595+00:00,Anne Olwada,complete
50,Analyze Request for Quotation,2011-06-26 08:44:15.326485+00:00,Francois de Perrier,start
50,Analyze Request for Quotation,2011-06-26 09:05:45.452355+00:00,Francois de Perrier,complete
50,Send Request for Quotation to Supplier,2011-06-26 21:43:54.822390+00:00,Karel de Groot,start
50,Send Request for Quotation to Supplier,2011-06-26 22:00:26.771761+00:00,Karel de Groot,complete
50,Create Quotation comparison Map,2011-06-28 23:06:03.449357+00:00,Francois de Perrier,start
50,Create Quotation comparison Map,2011-06-29 01:21:04.620772+00:00,Francois de Perrier,complete
50,Analyze Quotation Comparison Map,2011-06-29 11:00:37.360208+00:00,Tesca Lobes,start
50,Choose best option,2011-06-29 11:09:29.275499+00:00,Immanuel Karagianni,complete
50,Choose best option,2011-06-29 11:09:29.275499+00:00,Immanuel Karagianni,start
50,Analyze Quotation Comparison Map,2011-06-29 11:09:29.275499+00:00,Nico Ojenbeer,complete
50,Settle Conditions With Supplier,2011-06-29 18:41:02.905925+00:00,Magdalena Predutta,start
50,Settle Conditions With Supplier,2011-06-30 09:12:23.240971+00:00,Magdalena Predutta,complete
50,Create Purchase Order,2011-07-01 12:32:28.825289+00:00,Magdalena Predutta,start
50,Create Purchase Order,2011-07-01 12:40:22.902850+00:00,Magdalena Predutta,complete
50,Confirm Purchase Order,2011-07-02 07:21:10.685532+00:00,Esmeralda Clay,start
50,Confirm Purchase Order,2011-07-02 07:57:14.970635+00:00,Esmeralda Clay,complete
50,Deliver Goods Services,2011-07-04 07:51:39.974781+00:00,Sean Manney,start
50,Deliver Goods Services,2011-07-05 08:54:53.142725+00:00,Sean Manney,complete
50,Release Purchase Order,2011-07-05 20:05:33.757543+00:00,Immanuel Karagianni,start
50,Release Purchase Order,2011-07-05 20:06:33.757543+00:00,Immanuel Karagianni,complete
50,Approve Purchase Order for payment,2011-07-07 08:23:16.534616+00:00,Magdalena Predutta,start
50,Approve Purchase Order for payment,2011-07-07 08:24:16.534616+00:00,Magdalena Predutta,complete
50,Send Invoice,2011-07-09 02:16:28.576947+00:00,Carmen Finacse,start
50,Send Invoice,2011-07-09 02:16:28.576947+00:00,Carmen Finacse,complete
50,Release Supplier's Invoice,2011-07-09 19:29:00.633647+00:00,Karalda Nimwada,start
50,Authorize Supplier's Invoice payment,2011-07-09 19:33:24.068631+00:00,Karalda Nimwada,start
50,Authorize Supplier's Invoice payment,2011-07-09 19:33:24.068631+00:00,Karalda Nimwada,complete
50,Release Supplier's Invoice,2011-07-09 19:33:24.068631+00:00,Karalda Nimwada,complete
50,Pay Invoice,2011-07-09 19:50:28.624875+00:00,Karalda Nimwada,start
50,Pay Invoice,2011-07-09 19:56:54.947680+00:00,Karalda Nimwada,complete
51,Create Purchase Requisition,2011-06-22 10:30:37.823867+00:00,Alberto Duport,start
51,Create Purchase Requisition,2011-06-22 12:15:56.276291+00:00,Alberto Duport,complete
51,Create Request for Quotation,2011-06-22 12:56:34.594747+00:00,Immanuel Karagianni,start
51,Create Request for Quotation,2011-06-22 13:01:31.291870+00:00,Immanuel Karagianni,complete
51,Analyze Request for Quotation,2011-06-24 09:40:45.828646+00:00,Francois de Perrier,start
51,Analyze Request for Quotation,2011-06-24 10:02:01.524460+00:00,Francois de Perrier,complete
51,Amend Request for Quotation,2011-06-24 22:13:20.980453+00:00,Maris Freeman,start
51,Amend Request for Quotation,2011-06-24 22:40:20.980453+00:00,Maris Freeman,complete
51,Analyze Request for Quotation,2011-06-24 23:25:27.291837+00:00,Karel de Groot,start
51,Analyze Request for Quotation,2011-06-25 00:03:26.794617+00:00,Karel de Groot,complete
51,Amend Request for Quotation,2011-06-25 00:42:03.391290+00:00,Maris Freeman,start
51,Amend Request for Quotation,2011-06-25 02:04:51.449641+00:00,Maris Freeman,complete
51,Analyze Request for Quotation,2011-06-25 22:29:36.476925+00:00,Karel de Groot,start
51,Analyze Request for Quotation,2011-06-25 22:33:13.339472+00:00,Karel de Groot,complete
51,Amend Request for Quotation,2011-06-25 22:46:21.624142+00:00,Maris Freeman,start
51,Amend Request for Quotation,2011-06-25 22:57:11.899396+00:00,Maris Freeman,complete
51,Analyze Request for Quotation,2011-06-27 17:40:15.411983+00:00,Karel de Groot,start
51,Analyze Request for Quotation,2011-06-27 17:57:11.936899+00:00,Karel de Groot,complete
51,Amend Request for Quotation,2011-06-27 18:36:37.982488+00:00,Maris Freeman,start
51,Amend Request for Quotation,2011-06-27 18:42:39.736363+00:00,Maris Freeman,complete
51,Analyze Request for Quotation,2011-06-30 22:27:57.499477+00:00,Karel de Groot,start
51,Analyze Request for Quotation,2011-06-30 22:58:45.674666+00:00,Karel de Groot,complete
51,Send Request for Quotation to Supplier,2011-07-02 01:16:48.440211+00:00,Magdalena Predutta,start
51,Send Request for Quotation to Supplier,2011-07-02 01:47:19.235368+00:00,Magdalena Predutta,complete
51,Create Quotation comparison Map,2011-07-02 05:00:45.416964+00:00,Magdalena Predutta,start
51,Create Quotation comparison Map,2011-07-02 07:18:19.378755+00:00,Magdalena Predutta,complete
51,Analyze Quotation Comparison Map,2011-07-02 13:30:12.550790+00:00,Nico Ojenbeer,start
51,Analyze Quotation Comparison Map,2011-07-02 13:51:13.166873+00:00,Nico Ojenbeer,complete
51,Choose best option,2011-07-02 13:51:13.166873+00:00,Immanuel Karagianni,start
51,Choose best option,2011-07-02 13:51:13.166873+00:00,Immanuel Karagianni,complete
51,Settle Conditions With Supplier,2011-07-03 07:02:00.052649+00:00,Magdalena Predutta,start
51,Settle Conditions With Supplier,2011-07-03 13:45:57.792384+00:00,Magdalena Predutta,complete
51,Create Purchase Order,2011-07-03 17:24:22.730858+00:00,Magdalena Predutta,start
51,Create Purchase Order,2011-07-03 17:36:27.904810+00:00,Magdalena Predutta,complete
51,Confirm Purchase Order,2011-07-06 21:54:31.987261+00:00,Esmeralda Clay,start
51,Confirm Purchase Order,2011-07-06 22:09:30.646960+00:00,Esmeralda Clay,complete
51,Deliver Goods Services,2011-07-09 04:29:13.319774+00:00,Sean Manney,start
51,Deliver Goods Services,2011-07-10 10:50:45.420720+00:00,Sean Manney,complete
51,Release Purchase Order,2011-07-10 19:11:17.987304+00:00,Immanuel Karagianni,start
51,Release Purchase Order,2011-07-10 19:12:17.987304+00:00,Immanuel Karagianni,complete
51,Approve Purchase Order for payment,2011-07-11 11:25:29.718529+00:00,Magdalena Predutta,start
51,Approve Purchase Order for payment,2011-07-11 11:26:29.718529+00:00,Magdalena Predutta,complete
51,Send Invoice,2011-07-12 14:22:33.773882+00:00,Carmen Finacse,complete
51,Send Invoice,2011-07-12 14:22:33.773882+00:00,Carmen Finacse,start
51,Release Supplier's Invoice,2011-07-13 02:04:35.199160+00:00,Karalda Nimwada,start
51,Authorize Supplier's Invoice payment,2011-07-13 02:06:53.703799+00:00,Karalda Nimwada,complete
51,Authorize Supplier's Invoice payment,2011-07-13 02:06:53.703799+00:00,Karalda Nimwada,start
51,Release Supplier's Invoice,2011-07-13 02:06:53.703799+00:00,Karalda Nimwada,complete
51,Pay Invoice,2011-07-13 02:30:54.376412+00:00,Karalda Nimwada,start
51,Pay Invoice,2011-07-13 02:38:13.555305+00:00,Karalda Nimwada,complete
52,Create Purchase Requisition,2011-06-22 14:07:19.409087+00:00,Kim Passa,start
52,Create Purchase Requisition,2011-06-22 15:29:46.626789+00:00,Kim Passa,complete
52,Analyze Purchase Requisition,2011-06-23 11:49:42.729737+00:00,Francis Odell,start
52,Analyze Purchase Requisition,2011-06-23 11:57:45.200394+00:00,Francis Odell,complete
52,Create Request for Quotation,2011-06-23 13:03:37.418229+00:00,Francis Odell,start
52,Create Request for Quotation,2011-06-23 13:10:48.951275+00:00,Francis Odell,complete
52,Analyze Request for Quotation,2011-06-26 02:45:29.951366+00:00,Francois de Perrier,start
52,Analyze Request for Quotation,2011-06-26 03:14:34.799265+00:00,Francois de Perrier,complete
52,Amend Request for Quotation,2011-06-26 07:32:20.447272+00:00,Nico Ojenbeer,start
52,Amend Request for Quotation,2011-06-26 07:41:30.101268+00:00,Nico Ojenbeer,complete
52,Analyze Request for Quotation,2011-06-28 00:51:28.623290+00:00,Magdalena Predutta,start
52,Analyze Request for Quotation,2011-06-28 01:14:45.518301+00:00,Magdalena Predutta,complete
52,Amend Request for Quotation,2011-06-28 02:10:20.761143+00:00,Maris Freeman,start
52,Amend Request for Quotation,2011-06-28 02:18:30.073310+00:00,Maris Freeman,complete
52,Analyze Request for Quotation,2011-06-30 20:20:24.726270+00:00,Karel de Groot,start
52,Analyze Request for Quotation,2011-06-30 20:40:31.955621+00:00,Karel de Groot,complete
52,Amend Request for Quotation,2011-06-30 21:49:26.037935+00:00,Maris Freeman,start
52,Amend Request for Quotation,2011-06-30 21:59:32.991377+00:00,Maris Freeman,complete
52,Analyze Request for Quotation,2011-08-26 06:50:21.057721+00:00,Karel de Groot,start
52,Analyze Request for Quotation,2011-08-26 07:09:11.005238+00:00,Karel de Groot,complete
52,Amend Request for Quotation,2011-08-26 07:22:19.721058+00:00,Maris Freeman,start
52,Amend Request for Quotation,2011-08-26 07:35:27.124830+00:00,Maris Freeman,complete
52,Analyze Request for Quotation,2011-08-29 07:00:06.974624+00:00,Karel de Groot,start
52,Analyze Request for Quotation,2011-08-29 07:31:05.659006+00:00,Karel de Groot,complete
52,Send Request for Quotation to Supplier,2011-08-29 23:15:40.903618+00:00,Magdalena Predutta,start
52,Send Request for Quotation to Supplier,2011-08-29 23:36:38.509466+00:00,Magdalena Predutta,complete
52,Create Quotation comparison Map,2011-08-30 11:13:18.032375+00:00,Magdalena Predutta,start
52,Create Quotation comparison Map,2011-08-30 17:14:27.980896+00:00,Magdalena Predutta,complete
52,Analyze Quotation Comparison Map,2011-08-30 23:30:46.984557+00:00,Nico Ojenbeer,start
52,Choose best option,2011-08-30 23:58:47.942999+00:00,Immanuel Karagianni,complete
52,Choose best option,2011-08-30 23:58:47.942999+00:00,Immanuel Karagianni,start
52,Analyze Quotation Comparison Map,2011-08-30 23:58:47.942999+00:00,Nico Ojenbeer,complete
52,Settle Conditions With Supplier,2011-08-31 05:30:44.753229+00:00,Magdalena Predutta,start
52,Settle Conditions With Supplier,2011-08-31 13:56:00.073217+00:00,Magdalena Predutta,complete
52,Create Purchase Order,2011-09-01 04:41:36.884953+00:00,Magdalena Predutta,start
52,Create Purchase Order,2011-09-01 04:50:31.493772+00:00,Magdalena Predutta,complete
52,Confirm Purchase Order,2011-09-02 02:07:18.843315+00:00,Esmeralda Clay,start
52,Confirm Purchase Order,2011-09-02 02:23:44.967691+00:00,Esmeralda Clay,complete
52,Deliver Goods Services,2011-09-03 12:42:54.711143+00:00,Sean Manney,start
52,Deliver Goods Services,2011-09-05 02:48:56.312485+00:00,Sean Manney,complete
52,Release Purchase Order,2011-09-05 10:19:44.388451+00:00,Immanuel Karagianni,start
52,Release Purchase Order,2011-09-05 10:20:44.388451+00:00,Immanuel Karagianni,complete
52,Approve Purchase Order for payment,2011-09-05 20:57:43.058983+00:00,Magdalena Predutta,start
52,Approve Purchase Order for payment,2011-09-05 20:58:43.058983+00:00,Magdalena Predutta,complete
52,Send Invoice,2011-09-07 17:51:33.396938+00:00,Carmen Finacse,complete
52,Send Invoice,2011-09-07 17:51:33.396938+00:00,Carmen Finacse,start
52,Release Supplier's Invoice,2011-09-08 09:48:42.835771+00:00,Karalda Nimwada,start
52,Release Supplier's Invoice,2011-09-08 09:53:32.519426+00:00,Karalda Nimwada,complete
52,Authorize Supplier's Invoice payment,2011-09-08 09:55:07.294872+00:00,Karalda Nimwada,start
52,Authorize Supplier's Invoice payment,2011-09-08 09:55:07.294872+00:00,Karalda Nimwada,complete
52,Pay Invoice,2011-09-08 11:03:24.581245+00:00,Karalda Nimwada,start
52,Pay Invoice,2011-09-08 11:12:13.016556+00:00,Karalda Nimwada,complete
53,Create Purchase Requisition,2011-06-22 21:01:56.104359+00:00,Kim Passa,start
53,Create Purchase Requisition,2011-06-22 21:58:44.514558+00:00,Kim Passa,complete
53,Analyze Purchase Requisition,2011-06-23 19:16:07.858795+00:00,Maris Freeman,start
53,Analyze Purchase Requisition,2011-06-23 19:33:03.918073+00:00,Maris Freeman,complete
53,Create Request for Quotation,2011-06-23 19:40:35.622854+00:00,Heinz Gutschmidt,start
53,Create Request for Quotation,2011-06-23 19:43:17.755605+00:00,Heinz Gutschmidt,complete
53,Analyze Request for Quotation,2011-06-24 10:09:50.026698+00:00,Francois de Perrier,start
53,Analyze Request for Quotation,2011-06-24 10:26:40.857889+00:00,Francois de Perrier,complete
53,Amend Request for Quotation,2011-06-24 13:06:42.779010+00:00,Maris Freeman,start
53,Amend Request for Quotation,2011-06-24 13:17:43.507421+00:00,Maris Freeman,complete
53,Analyze Request for Quotation,2011-06-24 20:52:57.183714+00:00,Karel de Groot,start
53,Analyze Request for Quotation,2011-06-24 21:22:48.268660+00:00,Karel de Groot,complete
53,Amend Request for Quotation,2011-06-24 22:17:04.117140+00:00,Maris Freeman,start
53,Amend Request for Quotation,2011-06-24 22:25:23.944839+00:00,Maris Freeman,complete
53,Analyze Request for Quotation,2011-06-28 17:33:52.600314+00:00,Karel de Groot,start
53,Analyze Request for Quotation,2011-06-28 17:59:26.216804+00:00,Karel de Groot,complete
53,Send Request for Quotation to Supplier,2011-06-29 14:40:18.838987+00:00,Magdalena Predutta,start
53,Send Request for Quotation to Supplier,2011-06-29 15:02:24.995912+00:00,Magdalena Predutta,complete
53,Create Quotation comparison Map,2011-06-29 17:40:04.903611+00:00,Magdalena Predutta,start
53,Create Quotation comparison Map,2011-06-29 19:30:08.119703+00:00,Magdalena Predutta,complete
53,Analyze Quotation Comparison Map,2011-06-30 02:29:05.272094+00:00,Nico Ojenbeer,start
53,Analyze Quotation Comparison Map,2011-06-30 02:58:08.231397+00:00,Nico Ojenbeer,complete
53,Choose best option,2011-06-30 02:58:08.231397+00:00,Immanuel Karagianni,start
53,Choose best option,2011-06-30 02:58:08.231397+00:00,Immanuel Karagianni,complete
53,Settle Conditions With Supplier,2011-06-30 07:30:43.138096+00:00,Magdalena Predutta,start
53,Settle Conditions With Supplier,2011-06-30 22:28:14.753885+00:00,Magdalena Predutta,complete
53,Create Purchase Order,2011-07-01 10:49:37.817625+00:00,Magdalena Predutta,start
53,Create Purchase Order,2011-07-01 11:00:26.586845+00:00,Magdalena Predutta,complete
53,Confirm Purchase Order,2011-07-06 19:47:20.731684+00:00,Esmeralda Clay,start
53,Confirm Purchase Order,2011-07-06 21:33:08.098931+00:00,Esmeralda Clay,complete
53,Deliver Goods Services,2011-07-07 23:48:23.901564+00:00,Sean Manney,start
53,Deliver Goods Services,2011-07-08 17:29:15.615496+00:00,Sean Manney,complete
53,Release Purchase Order,2011-07-09 05:26:37.200429+00:00,Immanuel Karagianni,start
53,Release Purchase Order,2011-07-09 05:27:37.200429+00:00,Immanuel Karagianni,complete
53,Approve Purchase Order for payment,2011-07-09 16:58:59.809271+00:00,Magdalena Predutta,start
53,Approve Purchase Order for payment,2011-07-09 16:59:59.809271+00:00,Magdalena Predutta,complete
53,Send Invoice,2011-07-10 06:39:28.045859+00:00,Carmen Finacse,complete
53,Send Invoice,2011-07-10 06:39:28.045859+00:00,Carmen Finacse,start
53,Release Supplier's Invoice,2011-07-10 20:45:42.278957+00:00,Karalda Nimwada,start
53,Authorize Supplier's Invoice payment,2011-07-10 20:50:16.703637+00:00,Karalda Nimwada,complete
53,Release Supplier's Invoice,2011-07-10 20:50:16.703637+00:00,Karalda Nimwada,complete
53,Authorize Supplier's Invoice payment,2011-07-10 20:53:45.276486+00:00,Karalda Nimwada,start
53,Pay Invoice,2011-07-10 21:10:07.160755+00:00,Karalda Nimwada,start
53,Pay Invoice,2011-07-10 21:18:16.372864+00:00,Karalda Nimwada,complete
54,Create Purchase Requisition,2011-06-23 07:46:58.175044+00:00,Esmana Liubiata,start
54,Create Purchase Requisition,2011-06-23 10:02:51.657831+00:00,Esmana Liubiata,complete
54,Create Request for Quotation,2011-06-23 13:46:28.042295+00:00,Anne Olwada,start
54,Create Request for Quotation,2011-06-23 13:49:39.981403+00:00,Anne Olwada,complete
54,Analyze Request for Quotation,2011-06-23 20:03:23.573298+00:00,Francois de Perrier,start
54,Analyze Request for Quotation,2011-06-23 20:15:08.110001+00:00,Francois de Perrier,complete
54,Amend Request for Quotation,2011-06-23 21:19:59.218321+00:00,Miu Hanwan,start
54,Amend Request for Quotation,2011-06-23 21:28:37.034421+00:00,Miu Hanwan,complete
54,Analyze Request for Quotation,2011-07-02 02:23:19.930874+00:00,Karel de Groot,start
54,Analyze Request for Quotation,2011-07-02 02:23:19.930874+00:00,Karel de Groot,complete
55,Create Purchase Requisition,2011-06-23 13:11:39.930233+00:00,Nico Ojenbeer,start
55,Create Purchase Requisition,2011-06-23 13:31:07.310603+00:00,Nico Ojenbeer,complete
55,Create Request for Quotation,2011-06-23 18:39:01.519016+00:00,Nico Ojenbeer,start
55,Create Request for Quotation,2011-06-23 18:41:56.022973+00:00,Nico Ojenbeer,complete
55,Analyze Request for Quotation,2011-06-26 06:38:00.161786+00:00,Francois de Perrier,start
55,Analyze Request for Quotation,2011-06-26 06:49:06.852734+00:00,Francois de Perrier,complete
55,Amend Request for Quotation,2011-06-26 12:07:48.506169+00:00,Maris Freeman,start
55,Amend Request for Quotation,2011-06-26 12:18:45.799919+00:00,Maris Freeman,complete
55,Analyze Request for Quotation,2011-06-26 14:14:49.115448+00:00,Karel de Groot,start
55,Analyze Request for Quotation,2011-06-26 14:41:20.013918+00:00,Karel de Groot,complete
56,Create Purchase Requisition,2011-06-23 14:21:58.349504+00:00,Alberto Duport,start
56,Create Purchase Requisition,2011-06-23 15:06:34.436828+00:00,Alberto Duport,complete
56,Analyze Purchase Requisition,2011-06-24 14:51:36.463786+00:00,Francis Odell,start
56,Analyze Purchase Requisition,2011-06-24 14:56:33.519548+00:00,Francis Odell,complete
56,Create Request for Quotation,2011-06-24 16:05:06.711285+00:00,Maris Freeman,start
56,Create Request for Quotation,2011-06-24 16:06:33.749440+00:00,Maris Freeman,complete
56,Analyze Request for Quotation,2011-06-24 18:17:22.001001+00:00,Magdalena Predutta,start
56,Analyze Request for Quotation,2011-06-24 18:51:25.380119+00:00,Magdalena Predutta,complete
56,Amend Request for Quotation,2011-06-24 22:13:24.417960+00:00,Alberto Duport,start
56,Amend Request for Quotation,2011-06-24 22:40:24.417960+00:00,Alberto Duport,complete
56,Analyze Request for Quotation,2011-07-15 21:59:02.605969+00:00,Magdalena Predutta,start
56,Analyze Request for Quotation,2011-07-15 22:13:31.293712+00:00,Magdalena Predutta,complete
56,Amend Request for Quotation,2011-07-15 22:53:09.017124+00:00,Alberto Duport,start
56,Amend Request for Quotation,2011-07-15 23:13:38.760991+00:00,Alberto Duport,complete
56,Analyze Request for Quotation,2011-07-18 14:12:23.081772+00:00,Karel de Groot,start
56,Analyze Request for Quotation,2011-07-18 14:48:58.882808+00:00,Karel de Groot,complete
56,Amend Request for Quotation,2011-07-18 18:06:34.359696+00:00,Fjodor Kowalski,start
56,Amend Request for Quotation,2011-07-18 18:15:26.456177+00:00,Fjodor Kowalski,complete
56,Analyze Request for Quotation,2011-07-19 16:42:46.158102+00:00,Magdalena Predutta,start
56,Analyze Request for Quotation,2011-07-19 17:23:47.684737+00:00,Magdalena Predutta,complete
56,Send Request for Quotation to Supplier,2011-07-20 02:55:24.648921+00:00,Karel de Groot,start
56,Send Request for Quotation to Supplier,2011-07-20 03:22:28.312331+00:00,Karel de Groot,complete
56,Create Quotation comparison Map,2011-07-20 06:33:13.678455+00:00,Magdalena Predutta,start
56,Create Quotation comparison Map,2011-07-20 09:07:37.576197+00:00,Magdalena Predutta,complete
56,Analyze Quotation Comparison Map,2011-07-20 19:03:41.955259+00:00,Christian Francois,start
56,Analyze Quotation Comparison Map,2011-07-20 19:18:49.513989+00:00,Christian Francois,complete
56,Choose best option,2011-07-20 19:18:49.513989+00:00,Immanuel Karagianni,start
56,Choose best option,2011-07-20 19:18:49.513989+00:00,Immanuel Karagianni,complete
56,Settle Conditions With Supplier,2011-07-20 22:27:12.788071+00:00,Magdalena Predutta,start
56,Settle Conditions With Supplier,2011-07-21 07:21:19.909232+00:00,Magdalena Predutta,complete
56,Create Purchase Order,2011-07-22 20:47:25.165276+00:00,Magdalena Predutta,start
56,Create Purchase Order,2011-07-22 20:58:20.532619+00:00,Magdalena Predutta,complete
56,Confirm Purchase Order,2011-07-23 22:46:06.976080+00:00,Esmeralda Clay,start
56,Confirm Purchase Order,2011-07-23 22:50:42.844355+00:00,Esmeralda Clay,complete
56,Deliver Goods Services,2011-07-25 20:15:01.756355+00:00,Sean Manney,start
56,Deliver Goods Services,2011-07-26 07:33:37.973353+00:00,Sean Manney,complete
56,Release Purchase Order,2011-07-26 15:49:43.850669+00:00,Immanuel Karagianni,start
56,Release Purchase Order,2011-07-26 15:50:43.850669+00:00,Immanuel Karagianni,complete
56,Approve Purchase Order for payment,2011-07-27 08:12:48.972365+00:00,Magdalena Predutta,start
56,Approve Purchase Order for payment,2011-07-27 08:13:48.972365+00:00,Magdalena Predutta,complete
56,Send Invoice,2011-07-28 17:41:44.014432+00:00,Carmen Finacse,start
56,Send Invoice,2011-07-28 17:41:44.014432+00:00,Carmen Finacse,complete
56,Release Supplier's Invoice,2011-07-29 09:16:47.113975+00:00,Karalda Nimwada,start
56,Release Supplier's Invoice,2011-07-29 09:20:47.035432+00:00,Karalda Nimwada,complete
56,Authorize Supplier's Invoice payment,2011-07-29 09:20:47.035432+00:00,Karalda Nimwada,complete
56,Authorize Supplier's Invoice payment,2011-07-29 09:20:47.035432+00:00,Karalda Nimwada,start
56,Pay Invoice,2011-07-29 10:07:53.273444+00:00,Karalda Nimwada,start
56,Pay Invoice,2011-07-29 10:17:28.795664+00:00,Karalda Nimwada,complete
57,Create Purchase Requisition,2011-06-23 19:00:32.990781+00:00,Immanuel Karagianni,start
57,Create Purchase Requisition,2011-06-23 20:43:54.063920+00:00,Immanuel Karagianni,complete
57,Create Request for Quotation,2011-06-24 01:26:37.207374+00:00,Anne Olwada,start
57,Create Request for Quotation,2011-06-24 01:37:32.037310+00:00,Anne Olwada,complete
57,Analyze Request for Quotation,2011-07-17 03:42:26.243850+00:00,Karel de Groot,start
57,Analyze Request for Quotation,2011-07-17 03:48:01.293072+00:00,Karel de Groot,complete
57,Amend Request for Quotation,2011-07-17 03:50:50.541585+00:00,Maris Freeman,start
57,Amend Request for Quotation,2011-07-17 04:02:49.903627+00:00,Maris Freeman,complete
57,Analyze Request for Quotation,2011-07-22 03:01:14.618119+00:00,Karel de Groot,start
57,Analyze Request for Quotation,2011-07-22 03:18:46.613659+00:00,Karel de Groot,complete
57,Send Request for Quotation to Supplier,2011-07-22 06:35:56.938688+00:00,Magdalena Predutta,start
57,Send Request for Quotation to Supplier,2011-07-22 07:03:02.463258+00:00,Magdalena Predutta,complete
57,Create Quotation comparison Map,2011-07-22 07:06:20.910885+00:00,Magdalena Predutta,start
57,Create Quotation comparison Map,2011-07-22 12:36:32.706493+00:00,Magdalena Predutta,complete
57,Analyze Quotation Comparison Map,2011-07-22 18:21:17.272806+00:00,Nico Ojenbeer,start
57,Analyze Quotation Comparison Map,2011-07-22 18:31:09.823390+00:00,Nico Ojenbeer,complete
57,Choose best option,2011-07-22 18:31:09.823390+00:00,Immanuel Karagianni,complete
57,Choose best option,2011-07-22 18:31:09.823390+00:00,Immanuel Karagianni,start
57,Settle Conditions With Supplier,2011-07-24 02:34:44.547112+00:00,Magdalena Predutta,start
57,Settle Conditions With Supplier,2011-07-24 08:03:19.597879+00:00,Magdalena Predutta,complete
57,Create Purchase Order,2011-07-24 09:45:09.348068+00:00,Magdalena Predutta,start
57,Create Purchase Order,2011-07-24 09:53:50.082454+00:00,Magdalena Predutta,complete
57,Confirm Purchase Order,2011-07-25 06:38:42.689314+00:00,Esmeralda Clay,start
57,Confirm Purchase Order,2011-07-25 06:45:57.437778+00:00,Esmeralda Clay,complete
57,Deliver Goods Services,2011-07-26 11:12:45.688269+00:00,Sean Manney,start
57,Deliver Goods Services,2011-07-26 20:25:00.497825+00:00,Sean Manney,complete
57,Release Purchase Order,2011-07-27 02:09:28.663549+00:00,Immanuel Karagianni,start
57,Release Purchase Order,2011-07-27 02:10:28.663549+00:00,Immanuel Karagianni,complete
57,Approve Purchase Order for payment,2011-07-27 07:58:50.357962+00:00,Magdalena Predutta,start
57,Approve Purchase Order for payment,2011-07-27 07:59:50.357962+00:00,Magdalena Predutta,complete
57,Send Invoice,2011-08-03 22:06:16.682951+00:00,Carmen Finacse,start
57,Send Invoice,2011-08-03 22:06:16.682951+00:00,Carmen Finacse,complete
57,Release Supplier's Invoice,2011-08-04 12:49:11.821586+00:00,Karalda Nimwada,start
57,Release Supplier's Invoice,2011-08-04 12:55:28.228050+00:00,Karalda Nimwada,complete
57,Authorize Supplier's Invoice payment,2011-08-04 12:55:28.228050+00:00,Karalda Nimwada,complete
57,Authorize Supplier's Invoice payment,2011-08-04 12:55:28.228050+00:00,Karalda Nimwada,start
57,Pay Invoice,2011-08-04 13:15:10.027876+00:00,Karalda Nimwada,start
57,Pay Invoice,2011-08-04 13:19:19.690591+00:00,Karalda Nimwada,complete
58,Create Purchase Requisition,2011-06-24 21:08:04.406528+00:00,Miu Hanwan,start
58,Create Purchase Requisition,2011-06-25 00:28:53.535710+00:00,Miu Hanwan,complete
58,Analyze Purchase Requisition,2011-06-25 05:48:49.315663+00:00,Francis Odell,start
58,Analyze Purchase Requisition,2011-06-25 05:55:24.842831+00:00,Francis Odell,complete
58,Create Request for Quotation,2011-06-25 05:59:18.404431+00:00,Francis Odell,start
58,Create Request for Quotation,2011-06-25 08:01:01.799716+00:00,Francis Odell,complete
58,Analyze Request for Quotation,2011-06-28 02:36:49.283372+00:00,Karel de Groot,start
58,Analyze Request for Quotation,2011-06-28 02:54:01.188459+00:00,Karel de Groot,complete
58,Send Request for Quotation to Supplier,2011-06-28 08:04:51.958812+00:00,Magdalena Predutta,start
58,Send Request for Quotation to Supplier,2011-06-28 08:33:17.053143+00:00,Magdalena Predutta,complete
58,Create Quotation comparison Map,2011-06-28 08:47:45.066000+00:00,Magdalena Predutta,start
58,Create Quotation comparison Map,2011-06-28 12:24:47.642486+00:00,Magdalena Predutta,complete
58,Analyze Quotation Comparison Map,2011-06-28 17:39:54.511236+00:00,Nico Ojenbeer,start
58,Analyze Quotation Comparison Map,2011-06-28 18:07:41.246813+00:00,Nico Ojenbeer,complete
58,Choose best option,2011-06-28 18:07:41.246813+00:00,Immanuel Karagianni,start
58,Choose best option,2011-06-28 18:07:41.246813+00:00,Immanuel Karagianni,complete
58,Settle Conditions With Supplier,2011-06-30 06:40:31.554950+00:00,Magdalena Predutta,start
58,Settle Conditions With Supplier,2011-06-30 15:46:15.430383+00:00,Magdalena Predutta,complete
58,Create Purchase Order,2011-06-30 23:59:54.891710+00:00,Magdalena Predutta,start
58,Create Purchase Order,2011-07-01 00:09:19.234245+00:00,Magdalena Predutta,complete
58,Confirm Purchase Order,2011-07-02 14:28:07.827163+00:00,Esmeralda Clay,start
58,Confirm Purchase Order,2011-07-02 14:35:09.533793+00:00,Esmeralda Clay,complete
58,Deliver Goods Services,2011-07-04 16:07:03.329957+00:00,Sean Manney,start
58,Deliver Goods Services,2011-07-06 16:10:21.716282+00:00,Sean Manney,complete
58,Release Purchase Order,2011-07-07 00:28:09.531579+00:00,Immanuel Karagianni,start
58,Release Purchase Order,2011-07-07 00:29:09.531579+00:00,Immanuel Karagianni,complete
58,Approve Purchase Order for payment,2011-07-07 15:35:24.963024+00:00,Magdalena Predutta,start
58,Approve Purchase Order for payment,2011-07-07 15:36:24.963024+00:00,Magdalena Predutta,complete
58,Send Invoice,2011-07-11 04:16:30.113729+00:00,Carmen Finacse,complete
58,Send Invoice,2011-07-11 04:16:30.113729+00:00,Carmen Finacse,start
58,Release Supplier's Invoice,2011-07-11 17:27:59.996178+00:00,Karalda Nimwada,start
58,Release Supplier's Invoice,2011-07-11 17:30:09.768554+00:00,Karalda Nimwada,complete
58,Authorize Supplier's Invoice payment,2011-07-11 17:30:36.641477+00:00,Karalda Nimwada,start
58,Authorize Supplier's Invoice payment,2011-07-11 17:30:36.641477+00:00,Karalda Nimwada,complete
58,Pay Invoice,2011-07-11 18:37:07.947138+00:00,Karalda Nimwada,start
58,Pay Invoice,2011-07-11 18:46:28.435698+00:00,Karalda Nimwada,complete
59,Create Purchase Requisition,2011-06-25 19:17:13.490970+00:00,Miu Hanwan,start
59,Create Purchase Requisition,2011-06-25 19:29:49.199047+00:00,Miu Hanwan,complete
59,Analyze Purchase Requisition,2011-06-26 06:59:05.944560+00:00,Francis Odell,start
59,Analyze Purchase Requisition,2011-06-26 07:07:29.533288+00:00,Francis Odell,complete
59,Amend Purchase Requisition,2011-06-26 17:38:16.210589+00:00,Miu Hanwan,start
59,Amend Purchase Requisition,2011-06-26 18:02:14.666099+00:00,Miu Hanwan,complete
59,Analyze Purchase Requisition,2011-06-27 12:16:47.081971+00:00,Maris Freeman,start
59,Analyze Purchase Requisition,2011-06-27 12:20:54.501914+00:00,Maris Freeman,complete
59,Create Request for Quotation,2011-06-27 13:04:35.348685+00:00,Penn Osterwalder,start
59,Create Request for Quotation,2011-06-27 14:08:32.141556+00:00,Maris Freeman,complete
59,Analyze Request for Quotation,2011-07-01 20:41:54.043350+00:00,Karel de Groot,start
59,Analyze Request for Quotation,2011-07-01 21:15:30.103023+00:00,Karel de Groot,complete
59,Amend Request for Quotation,2011-07-01 22:13:40.650014+00:00,Maris Freeman,start
59,Amend Request for Quotation,2011-07-01 22:31:16.257205+00:00,Maris Freeman,complete
59,Analyze Request for Quotation,2011-07-02 06:46:04.511996+00:00,Karel de Groot,start
59,Analyze Request for Quotation,2011-07-02 07:11:25.042383+00:00,Karel de Groot,complete
60,Create Purchase Requisition,2011-06-26 09:19:37.785244+00:00,Immanuel Karagianni,start
60,Create Purchase Requisition,2011-06-26 10:44:06.569992+00:00,Immanuel Karagianni,complete
60,Analyze Purchase Requisition,2011-06-27 02:09:14.737609+00:00,Heinz Gutschmidt,start
60,Analyze Purchase Requisition,2011-06-27 02:15:48.593639+00:00,Heinz Gutschmidt,complete
60,Create Request for Quotation,2011-06-27 02:23:22.206564+00:00,Heinz Gutschmidt,start
60,Create Request for Quotation,2011-06-27 02:25:53.499478+00:00,Heinz Gutschmidt,complete
60,Analyze Request for Quotation,2011-06-28 16:32:43.481294+00:00,Karel de Groot,start
60,Analyze Request for Quotation,2011-06-28 16:46:20.281900+00:00,Karel de Groot,complete
60,Amend Request for Quotation,2011-06-28 17:40:07.812197+00:00,Maris Freeman,start
60,Amend Request for Quotation,2011-06-28 17:50:21.511767+00:00,Maris Freeman,complete
60,Analyze Request for Quotation,2011-07-14 03:48:43.098076+00:00,Karel de Groot,start
60,Analyze Request for Quotation,2011-07-14 04:30:01.101164+00:00,Karel de Groot,complete
60,Amend Request for Quotation,2011-07-14 16:32:55.018077+00:00,Maris Freeman,start
60,Amend Request for Quotation,2011-07-14 16:42:02.488302+00:00,Maris Freeman,complete
60,Analyze Request for Quotation,2011-08-15 09:47:03.771778+00:00,Karel de Groot,start
60,Analyze Request for Quotation,2011-08-15 10:04:47.149508+00:00,Karel de Groot,complete
60,Amend Request for Quotation,2011-08-15 10:30:18.486216+00:00,Maris Freeman,start
60,Amend Request for Quotation,2011-08-15 10:40:05.189132+00:00,Maris Freeman,complete
60,Analyze Request for Quotation,2011-08-16 16:15:34.696227+00:00,Karel de Groot,start
60,Analyze Request for Quotation,2011-08-16 16:37:27.502938+00:00,Karel de Groot,complete
60,Amend Request for Quotation,2011-08-16 19:05:55.611153+00:00,Maris Freeman,start
60,Amend Request for Quotation,2011-08-16 19:12:42.368284+00:00,Maris Freeman,complete
60,Analyze Request for Quotation,2011-08-17 08:02:22.179190+00:00,Karel de Groot,start
60,Analyze Request for Quotation,2011-08-17 08:32:11.196836+00:00,Karel de Groot,complete
60,Send Request for Quotation to Supplier,2011-08-17 15:38:31.510746+00:00,Magdalena Predutta,start
60,Send Request for Quotation to Supplier,2011-08-17 16:20:37.417635+00:00,Magdalena Predutta,complete
60,Create Quotation comparison Map,2011-08-17 20:25:01.270296+00:00,Magdalena Predutta,start
60,Create Quotation comparison Map,2011-08-17 23:03:02.150364+00:00,Magdalena Predutta,complete
60,Analyze Quotation Comparison Map,2011-08-18 08:01:46.425069+00:00,Nico Ojenbeer,start
60,Choose best option,2011-08-18 08:06:12.236588+00:00,Immanuel Karagianni,start
60,Analyze Quotation Comparison Map,2011-08-18 08:06:12.236588+00:00,Nico Ojenbeer,complete
60,Choose best option,2011-08-18 08:06:12.236588+00:00,Immanuel Karagianni,complete
60,Settle Conditions With Supplier,2011-08-18 12:55:21.434100+00:00,Magdalena Predutta,start
60,Settle Conditions With Supplier,2011-08-18 22:29:00.320253+00:00,Magdalena Predutta,complete
60,Create Purchase Order,2011-08-20 03:00:36.006562+00:00,Magdalena Predutta,start
60,Create Purchase Order,2011-08-20 03:11:14.190776+00:00,Magdalena Predutta,complete
60,Confirm Purchase Order,2011-08-20 06:13:22.632662+00:00,Esmeralda Clay,start
60,Confirm Purchase Order,2011-08-20 06:36:58.066551+00:00,Esmeralda Clay,complete
60,Deliver Goods Services,2011-08-21 20:39:52.834526+00:00,Sean Manney,start
60,Deliver Goods Services,2011-08-24 01:55:42.147873+00:00,Sean Manney,complete
60,Release Purchase Order,2011-08-24 05:25:50.350529+00:00,Immanuel Karagianni,start
60,Release Purchase Order,2011-08-24 05:26:50.350529+00:00,Immanuel Karagianni,complete
60,Approve Purchase Order for payment,2011-08-24 18:46:04.109020+00:00,Magdalena Predutta,start
60,Approve Purchase Order for payment,2011-08-24 18:47:04.109020+00:00,Magdalena Predutta,complete
60,Send Invoice,2011-08-25 10:53:44.270271+00:00,Carmen Finacse,start
60,Send Invoice,2011-08-25 10:53:44.270271+00:00,Carmen Finacse,complete
60,Release Supplier's Invoice,2011-08-26 02:15:06.442945+00:00,Karalda Nimwada,start
60,Authorize Supplier's Invoice payment,2011-08-26 02:17:55.859138+00:00,Karalda Nimwada,complete
60,Authorize Supplier's Invoice payment,2011-08-26 02:17:55.859138+00:00,Karalda Nimwada,start
60,Release Supplier's Invoice,2011-08-26 02:17:55.859138+00:00,Karalda Nimwada,complete
60,Pay Invoice,2011-08-26 03:04:58.523679+00:00,Karalda Nimwada,start
60,Pay Invoice,2011-08-26 03:10:29.125263+00:00,Karalda Nimwada,complete
61,Create Purchase Requisition,2011-06-26 22:32:28.773831+00:00,Elvira Lores,start
61,Create Purchase Requisition,2011-06-26 23:28:41.304747+00:00,Elvira Lores,complete
61,Analyze Purchase Requisition,2011-06-27 09:12:51.508158+00:00,Heinz Gutschmidt,start
61,Analyze Purchase Requisition,2011-06-27 09:19:20.714445+00:00,Heinz Gutschmidt,complete
61,Create Request for Quotation,2011-06-27 09:25:12.290311+00:00,Heinz Gutschmidt,start
61,Create Request for Quotation,2011-06-27 09:26:42.100446+00:00,Heinz Gutschmidt,complete
61,Analyze Request for Quotation,2011-06-28 12:08:43.620528+00:00,Magdalena Predutta,start
61,Analyze Request for Quotation,2011-06-28 12:33:01.249437+00:00,Magdalena Predutta,complete
61,Send Request for Quotation to Supplier,2011-06-30 20:06:38.449127+00:00,Magdalena Predutta,start
61,Send Request for Quotation to Supplier,2011-06-30 20:42:43.446571+00:00,Magdalena Predutta,complete
61,Create Quotation comparison Map,2011-07-01 02:52:39.183744+00:00,Karel de Groot,start
61,Create Quotation comparison Map,2011-07-01 08:37:56.333823+00:00,Karel de Groot,complete
61,Analyze Quotation Comparison Map,2011-07-01 19:33:18.249263+00:00,Miu Hanwan,start
61,Choose best option,2011-07-01 19:50:07.021806+00:00,Immanuel Karagianni,start
61,Choose best option,2011-07-01 19:50:07.021806+00:00,Immanuel Karagianni,complete
61,Analyze Quotation Comparison Map,2011-07-01 19:50:07.021806+00:00,Nico Ojenbeer,complete
61,Settle Conditions With Supplier,2011-07-02 06:34:31.704144+00:00,Magdalena Predutta,start
61,Settle Conditions With Supplier,2011-07-02 18:17:02.025044+00:00,Magdalena Predutta,complete
61,Create Purchase Order,2011-07-02 19:21:06.574447+00:00,Magdalena Predutta,start
61,Create Purchase Order,2011-07-02 19:33:48.577469+00:00,Magdalena Predutta,complete
61,Confirm Purchase Order,2011-07-03 19:28:24.742847+00:00,Esmeralda Clay,start
61,Confirm Purchase Order,2011-07-03 19:36:30.921535+00:00,Esmeralda Clay,complete
61,Deliver Goods Services,2011-07-04 16:18:35.960956+00:00,Sean Manney,start
61,Deliver Goods Services,2011-07-05 22:01:50.283075+00:00,Sean Manney,complete
61,Release Purchase Order,2011-07-06 01:35:11.067126+00:00,Immanuel Karagianni,start
61,Release Purchase Order,2011-07-06 01:36:11.067126+00:00,Immanuel Karagianni,complete
61,Approve Purchase Order for payment,2011-07-06 11:37:04.542195+00:00,Magdalena Predutta,start
61,Approve Purchase Order for payment,2011-07-06 11:38:04.542195+00:00,Magdalena Predutta,complete
61,Send Invoice,2011-07-09 02:58:13.652783+00:00,Carmen Finacse,start
61,Send Invoice,2011-07-09 02:58:13.652783+00:00,Carmen Finacse,complete
61,Release Supplier's Invoice,2011-07-09 16:43:41.190156+00:00,Karalda Nimwada,start
61,Release Supplier's Invoice,2011-07-09 16:48:37.071656+00:00,Karalda Nimwada,complete
61,Settle Dispute With Supplier,2011-07-09 18:27:40.277523+00:00,Pedro Alvares,start
61,Authorize Supplier's Invoice payment,2011-07-09 18:56:06.812175+00:00,Karalda Nimwada,complete
61,Authorize Supplier's Invoice payment,2011-07-09 18:56:06.812175+00:00,Karalda Nimwada,start
61,Settle Dispute With Supplier,2011-07-09 18:56:06.812175+00:00,Pedro Alvares,complete
61,Pay Invoice,2011-07-09 19:44:29.158988+00:00,Karalda Nimwada,start
61,Pay Invoice,2011-07-09 19:55:29.448341+00:00,Karalda Nimwada,complete
62,Create Purchase Requisition,2011-06-26 23:32:00.454430+00:00,Penn Osterwalder,start
62,Create Purchase Requisition,2011-06-27 00:14:37.427941+00:00,Penn Osterwalder,complete
62,Analyze Purchase Requisition,2011-06-27 21:57:49.025860+00:00,Heinz Gutschmidt,start
62,Analyze Purchase Requisition,2011-06-27 22:02:18.092697+00:00,Heinz Gutschmidt,complete
63,Create Purchase Requisition,2011-06-27 00:18:57.322019+00:00,Anna Kaufmann,start
63,Create Purchase Requisition,2011-06-27 00:58:59.517004+00:00,Anna Kaufmann,complete
63,Create Request for Quotation,2011-06-27 04:22:19.406314+00:00,Anne Olwada,start
63,Create Request for Quotation,2011-06-27 04:26:29.322399+00:00,Anne Olwada,complete
63,Analyze Request for Quotation,2011-06-29 20:35:39.090170+00:00,Karel de Groot,start
63,Analyze Request for Quotation,2011-06-29 20:48:17.401372+00:00,Karel de Groot,complete
63,Send Request for Quotation to Supplier,2011-06-30 10:46:59.886116+00:00,Francois de Perrier,start
63,Send Request for Quotation to Supplier,2011-06-30 11:15:16.354874+00:00,Francois de Perrier,complete
63,Create Quotation comparison Map,2011-06-30 19:39:33.054283+00:00,Francois de Perrier,start
63,Create Quotation comparison Map,2011-06-30 21:13:15.140502+00:00,Francois de Perrier,complete
63,Analyze Quotation Comparison Map,2011-07-01 07:57:32.650746+00:00,Nico Ojenbeer,start
63,Choose best option,2011-07-01 08:27:31.264551+00:00,Immanuel Karagianni,start
63,Choose best option,2011-07-01 08:27:31.264551+00:00,Immanuel Karagianni,complete
63,Analyze Quotation Comparison Map,2011-07-01 08:27:31.264551+00:00,Nico Ojenbeer,complete
63,Settle Conditions With Supplier,2011-07-01 20:10:01.383112+00:00,Magdalena Predutta,start
63,Settle Conditions With Supplier,2011-07-02 10:14:52.112812+00:00,Magdalena Predutta,complete
63,Create Purchase Order,2011-07-02 15:25:59.494747+00:00,Magdalena Predutta,start
63,Create Purchase Order,2011-07-02 15:34:32.341602+00:00,Magdalena Predutta,complete
63,Confirm Purchase Order,2011-07-13 14:45:30.137676+00:00,Esmeralda Clay,start
63,Confirm Purchase Order,2011-07-13 14:53:58.829607+00:00,Esmeralda Clay,complete
63,Deliver Goods Services,2011-07-23 03:16:03.352716+00:00,Sean Manney,start
63,Deliver Goods Services,2011-07-24 06:27:59.728869+00:00,Sean Manney,complete
63,Release Purchase Order,2011-07-24 17:37:12.615712+00:00,Immanuel Karagianni,start
63,Release Purchase Order,2011-07-24 17:38:12.615712+00:00,Immanuel Karagianni,complete
63,Approve Purchase Order for payment,2011-07-25 13:39:32.238557+00:00,Magdalena Predutta,start
63,Approve Purchase Order for payment,2011-07-25 13:40:32.238557+00:00,Magdalena Predutta,complete
63,Send Invoice,2011-07-26 14:35:13.271695+00:00,Carmen Finacse,start
63,Send Invoice,2011-07-26 14:35:13.271695+00:00,Carmen Finacse,complete
63,Release Supplier's Invoice,2011-07-27 02:33:12.320695+00:00,Karalda Nimwada,start
63,Authorize Supplier's Invoice payment,2011-07-27 02:36:12.899082+00:00,Karalda Nimwada,complete
63,Authorize Supplier's Invoice payment,2011-07-27 02:36:12.899082+00:00,Karalda Nimwada,start
63,Release Supplier's Invoice,2011-07-27 02:36:12.899082+00:00,Karalda Nimwada,complete
63,Pay Invoice,2011-07-27 04:11:46.553712+00:00,Karalda Nimwada,start
63,Pay Invoice,2011-07-27 04:24:41.429707+00:00,Karalda Nimwada,complete
64,Create Purchase Requisition,2011-06-27 07:14:38.984073+00:00,Tesca Lobes,start
64,Create Purchase Requisition,2011-06-27 08:51:58.858114+00:00,Tesca Lobes,complete
64,Create Request for Quotation,2011-06-27 13:28:00.821775+00:00,Anne Olwada,start
64,Create Request for Quotation,2011-06-27 13:29:10.633915+00:00,Anne Olwada,complete
64,Analyze Request for Quotation,2011-07-08 21:16:56.453658+00:00,Magdalena Predutta,start
64,Analyze Request for Quotation,2011-07-08 21:35:36.596595+00:00,Magdalena Predutta,complete
64,Send Request for Quotation to Supplier,2011-07-10 09:10:20.366257+00:00,Magdalena Predutta,start
64,Send Request for Quotation to Supplier,2011-07-10 09:31:06.924266+00:00,Magdalena Predutta,complete
64,Create Quotation comparison Map,2011-07-10 15:25:19.687176+00:00,Magdalena Predutta,start
64,Create Quotation comparison Map,2011-07-10 21:05:12.901143+00:00,Magdalena Predutta,complete
64,Analyze Quotation Comparison Map,2011-07-10 23:09:52.193531+00:00,Penn Osterwalder,start
64,Choose best option,2011-07-11 00:28:03.609522+00:00,Immanuel Karagianni,complete
64,Choose best option,2011-07-11 00:28:03.609522+00:00,Immanuel Karagianni,start
64,Analyze Quotation Comparison Map,2011-07-11 00:28:03.609522+00:00,Penn Osterwalder,complete
64,Settle Conditions With Supplier,2011-07-12 02:37:27.233537+00:00,Magdalena Predutta,start
64,Settle Conditions With Supplier,2011-07-12 11:43:03.479451+00:00,Magdalena Predutta,complete
64,Create Purchase Order,2011-07-12 22:32:24.177751+00:00,Karel de Groot,start
64,Create Purchase Order,2011-07-12 22:42:51.920716+00:00,Karel de Groot,complete
64,Confirm Purchase Order,2011-07-16 01:22:29.228198+00:00,Kiu Kan,start
64,Confirm Purchase Order,2011-07-16 01:26:05.117051+00:00,Kiu Kan,complete
64,Deliver Goods Services,2011-07-18 07:02:33.091931+00:00,Carmen Finacse,start
64,Deliver Goods Services,2011-07-18 17:06:11.766772+00:00,Carmen Finacse,complete
64,Release Purchase Order,2011-07-18 19:26:17.353918+00:00,Kim Passa,start
64,Release Purchase Order,2011-07-18 19:27:17.353918+00:00,Kim Passa,complete
64,Approve Purchase Order for payment,2011-07-19 07:27:06.488885+00:00,Magdalena Predutta,start
64,Approve Purchase Order for payment,2011-07-19 07:28:06.488885+00:00,Magdalena Predutta,complete
64,Send Invoice,2011-07-19 19:51:40.903136+00:00,Esmeralda Clay,start
64,Send Invoice,2011-07-19 19:51:40.903136+00:00,Esmeralda Clay,complete
64,Release Supplier's Invoice,2011-07-20 09:47:58.205753+00:00,Karalda Nimwada,start
64,Release Supplier's Invoice,2011-07-20 09:54:04.763611+00:00,Karalda Nimwada,complete
64,Settle Dispute With Supplier,2011-07-20 10:48:04.763611+00:00,Pedro Alvares,start
64,Settle Dispute With Supplier,2011-07-20 22:08:04.763611+00:00,Pedro Alvares,complete
64,Authorize Supplier's Invoice payment,2011-07-20 22:08:49.210423+00:00,Karalda Nimwada,complete
64,Authorize Supplier's Invoice payment,2011-07-20 22:08:49.210423+00:00,Karalda Nimwada,start
64,Pay Invoice,2011-07-20 22:47:37.967505+00:00,Karalda Nimwada,start
64,Pay Invoice,2011-07-20 23:01:52.856172+00:00,Karalda Nimwada,complete
65,Create Purchase Requisition,2011-06-27 07:36:33.805801+00:00,Anna Kaufmann,start
65,Create Purchase Requisition,2011-06-27 08:25:39.194663+00:00,Anna Kaufmann,complete
65,Analyze Purchase Requisition,2011-06-28 07:00:15.287369+00:00,Francis Odell,start
65,Analyze Purchase Requisition,2011-06-28 07:07:12.070217+00:00,Francis Odell,complete
65,Create Request for Quotation,2011-06-28 07:10:54.423466+00:00,Heinz Gutschmidt,start
65,Create Request for Quotation,2011-06-28 07:12:11.574800+00:00,Heinz Gutschmidt,complete
65,Analyze Request for Quotation,2011-06-30 07:01:39.555195+00:00,Karel de Groot,start
65,Analyze Request for Quotation,2011-06-30 07:22:34.167181+00:00,Karel de Groot,complete
65,Send Request for Quotation to Supplier,2011-07-01 05:58:55.233379+00:00,Magdalena Predutta,start
65,Send Request for Quotation to Supplier,2011-07-01 06:12:48.294806+00:00,Magdalena Predutta,complete
65,Create Quotation comparison Map,2011-07-01 16:31:20.480720+00:00,Magdalena Predutta,start
65,Create Quotation comparison Map,2011-07-01 21:52:24.949507+00:00,Magdalena Predutta,complete
65,Analyze Quotation Comparison Map,2011-07-02 05:28:08.702845+00:00,Nico Ojenbeer,start
65,Analyze Quotation Comparison Map,2011-07-02 05:37:34.860981+00:00,Nico Ojenbeer,complete
65,Choose best option,2011-07-02 05:37:34.860981+00:00,Immanuel Karagianni,complete
65,Choose best option,2011-07-02 05:37:34.860981+00:00,Immanuel Karagianni,start
65,Settle Conditions With Supplier,2011-07-03 00:42:13.100951+00:00,Magdalena Predutta,start
65,Settle Conditions With Supplier,2011-07-03 11:12:45.703626+00:00,Magdalena Predutta,complete
65,Create Purchase Order,2011-07-03 21:40:56.830579+00:00,Magdalena Predutta,start
65,Create Purchase Order,2011-07-03 21:46:57.555687+00:00,Magdalena Predutta,complete
65,Confirm Purchase Order,2011-07-05 18:55:29.557294+00:00,Esmeralda Clay,start
65,Confirm Purchase Order,2011-07-05 19:05:35.051935+00:00,Esmeralda Clay,complete
65,Deliver Goods Services,2011-07-08 00:48:12.728156+00:00,Sean Manney,start
65,Deliver Goods Services,2011-07-09 12:47:04.176774+00:00,Sean Manney,complete
65,Release Purchase Order,2011-07-09 20:47:45.503105+00:00,Immanuel Karagianni,start
65,Release Purchase Order,2011-07-09 20:48:45.503105+00:00,Immanuel Karagianni,complete
65,Approve Purchase Order for payment,2011-07-10 03:49:38.902319+00:00,Magdalena Predutta,start
65,Approve Purchase Order for payment,2011-07-10 03:50:38.902319+00:00,Magdalena Predutta,complete
65,Send Invoice,2011-07-11 08:40:46.795216+00:00,Carmen Finacse,complete
65,Send Invoice,2011-07-11 08:40:46.795216+00:00,Carmen Finacse,start
65,Release Supplier's Invoice,2011-07-11 22:31:06.940009+00:00,Karalda Nimwada,start
65,Release Supplier's Invoice,2011-07-11 22:34:33.025202+00:00,Karalda Nimwada,complete
65,Authorize Supplier's Invoice payment,2011-07-11 22:34:33.025202+00:00,Karalda Nimwada,complete
65,Authorize Supplier's Invoice payment,2011-07-11 22:34:33.025202+00:00,Karalda Nimwada,start
65,Pay Invoice,2011-07-11 23:07:44.048480+00:00,Karalda Nimwada,start
65,Pay Invoice,2011-07-11 23:13:43.800939+00:00,Karalda Nimwada,complete
66,Create Purchase Requisition,2011-06-27 10:57:30.934758+00:00,Kim Passa,start
66,Create Purchase Requisition,2011-06-27 11:05:41.017230+00:00,Kim Passa,complete
66,Analyze Purchase Requisition,2011-06-28 06:22:43.130075+00:00,Heinz Gutschmidt,start
66,Analyze Purchase Requisition,2011-06-28 06:31:26.461003+00:00,Heinz Gutschmidt,complete
66,Create Request for Quotation,2011-06-28 06:36:44.468017+00:00,Francis Odell,start
66,Create Request for Quotation,2011-06-28 06:37:47.983399+00:00,Francis Odell,complete
66,Analyze Request for Quotation,2011-06-28 19:26:43.148469+00:00,Karel de Groot,start
66,Analyze Request for Quotation,2011-06-28 20:01:01.950886+00:00,Karel de Groot,complete
66,Amend Request for Quotation,2011-06-29 03:19:57.502113+00:00,Maris Freeman,start
66,Amend Request for Quotation,2011-06-29 03:31:49.160805+00:00,Maris Freeman,complete
66,Analyze Request for Quotation,2011-06-29 09:07:33.094133+00:00,Karel de Groot,start
66,Analyze Request for Quotation,2011-06-29 09:46:21.522285+00:00,Karel de Groot,complete
66,Amend Request for Quotation,2011-06-29 13:45:19.348833+00:00,Maris Freeman,start
66,Amend Request for Quotation,2011-06-29 15:07:35.486419+00:00,Maris Freeman,complete
66,Analyze Request for Quotation,2011-06-29 21:51:31.587311+00:00,Karel de Groot,start
66,Analyze Request for Quotation,2011-06-29 21:58:13.726778+00:00,Karel de Groot,complete
67,Create Purchase Requisition,2011-06-27 12:18:51.856097+00:00,Miu Hanwan,start
67,Create Purchase Requisition,2011-06-27 13:56:01.610425+00:00,Miu Hanwan,complete
67,Analyze Purchase Requisition,2011-06-28 03:48:42.821844+00:00,Maris Freeman,start
67,Analyze Purchase Requisition,2011-06-28 03:54:04.884326+00:00,Maris Freeman,complete
67,Create Request for Quotation,2011-06-28 03:58:28.322806+00:00,Maris Freeman,start
67,Create Request for Quotation,2011-06-28 05:09:01.791946+00:00,Maris Freeman,complete
67,Analyze Request for Quotation,2011-07-03 20:04:44.754167+00:00,Karel de Groot,start
67,Analyze Request for Quotation,2011-07-03 20:29:13.012920+00:00,Karel de Groot,complete
67,Send Request for Quotation to Supplier,2011-07-04 00:40:43.763906+00:00,Magdalena Predutta,start
67,Send Request for Quotation to Supplier,2011-07-04 00:59:29.165607+00:00,Magdalena Predutta,complete
67,Create Quotation comparison Map,2011-07-04 16:02:08.319976+00:00,Magdalena Predutta,start
67,Create Quotation comparison Map,2011-07-04 21:32:20.589549+00:00,Magdalena Predutta,complete
67,Analyze Quotation Comparison Map,2011-07-05 02:10:45.441820+00:00,Nico Ojenbeer,start
67,Analyze Quotation Comparison Map,2011-07-05 02:44:25.590293+00:00,Nico Ojenbeer,complete
67,Choose best option,2011-07-05 02:44:25.590293+00:00,Immanuel Karagianni,start
67,Choose best option,2011-07-05 02:44:25.590293+00:00,Immanuel Karagianni,complete
67,Settle Conditions With Supplier,2011-07-05 22:23:39.898460+00:00,Magdalena Predutta,start
67,Settle Conditions With Supplier,2011-07-06 08:50:19.209448+00:00,Magdalena Predutta,complete
67,Create Purchase Order,2011-07-06 15:17:49.003056+00:00,Magdalena Predutta,start
67,Create Purchase Order,2011-07-06 15:29:51.741106+00:00,Magdalena Predutta,complete
67,Confirm Purchase Order,2011-07-14 14:02:15.191237+00:00,Esmeralda Clay,start
67,Confirm Purchase Order,2011-07-14 14:12:17.975139+00:00,Esmeralda Clay,complete
67,Deliver Goods Services,2011-07-16 13:54:57.366735+00:00,Sean Manney,start
67,Deliver Goods Services,2011-07-17 06:43:50.692412+00:00,Sean Manney,complete
67,Release Purchase Order,2011-07-17 14:40:11.737296+00:00,Immanuel Karagianni,start
67,Release Purchase Order,2011-07-17 14:41:11.737296+00:00,Immanuel Karagianni,complete
67,Approve Purchase Order for payment,2011-07-17 23:46:05.127749+00:00,Magdalena Predutta,start
67,Approve Purchase Order for payment,2011-07-17 23:47:05.127749+00:00,Magdalena Predutta,complete
67,Send Invoice,2011-07-20 02:53:59.633938+00:00,Carmen Finacse,complete
67,Send Invoice,2011-07-20 02:53:59.633938+00:00,Carmen Finacse,start
67,Release Supplier's Invoice,2011-07-20 18:54:23.701875+00:00,Karalda Nimwada,start
67,Release Supplier's Invoice,2011-07-20 19:01:10.979661+00:00,Karalda Nimwada,complete
67,Authorize Supplier's Invoice payment,2011-07-20 19:01:39.526672+00:00,Karalda Nimwada,start
67,Authorize Supplier's Invoice payment,2011-07-20 19:01:39.526672+00:00,Karalda Nimwada,complete
67,Pay Invoice,2011-07-20 19:33:44.818807+00:00,Karalda Nimwada,start
67,Pay Invoice,2011-07-20 19:38:33.570576+00:00,Karalda Nimwada,complete
68,Create Purchase Requisition,2011-06-27 18:22:37.425387+00:00,Penn Osterwalder,start
68,Create Purchase Requisition,2011-06-27 18:31:32.278199+00:00,Penn Osterwalder,complete
68,Analyze Purchase Requisition,2011-06-28 07:28:46.129121+00:00,Heinz Gutschmidt,start
68,Analyze Purchase Requisition,2011-06-28 07:32:50.605734+00:00,Heinz Gutschmidt,complete
68,Create Request for Quotation,2011-06-28 07:39:17.346530+00:00,Maris Freeman,start
68,Create Request for Quotation,2011-06-28 07:40:29.655398+00:00,Maris Freeman,complete
68,Analyze Request for Quotation,2011-06-30 04:01:03.625376+00:00,Francois de Perrier,start
68,Analyze Request for Quotation,2011-06-30 04:24:36.614937+00:00,Francois de Perrier,complete
68,Amend Request for Quotation,2011-06-30 05:05:07.011709+00:00,Maris Freeman,start
68,Amend Request for Quotation,2011-06-30 05:11:28.289317+00:00,Maris Freeman,complete
68,Analyze Request for Quotation,2011-06-30 16:44:53.714809+00:00,Karel de Groot,start
68,Analyze Request for Quotation,2011-06-30 16:54:52.642197+00:00,Karel de Groot,complete
68,Amend Request for Quotation,2011-06-30 17:23:15.599791+00:00,Maris Freeman,start
68,Amend Request for Quotation,2011-06-30 17:36:09.585508+00:00,Maris Freeman,complete
68,Analyze Request for Quotation,2011-07-03 19:37:32.220983+00:00,Karel de Groot,start
68,Analyze Request for Quotation,2011-07-03 19:59:39.830700+00:00,Karel de Groot,complete
68,Amend Request for Quotation,2011-07-03 23:52:14.612400+00:00,Maris Freeman,start
68,Amend Request for Quotation,2011-07-04 00:00:03.216695+00:00,Maris Freeman,complete
68,Analyze Request for Quotation,2011-08-25 08:55:21.409780+00:00,Karel de Groot,start
68,Analyze Request for Quotation,2011-08-25 09:07:32.329654+00:00,Karel de Groot,complete
68,Amend Request for Quotation,2011-08-25 13:47:23.236181+00:00,Maris Freeman,start
68,Amend Request for Quotation,2011-08-25 13:57:41.567585+00:00,Maris Freeman,complete
68,Analyze Request for Quotation,2011-09-06 16:27:59.913027+00:00,Karel de Groot,start
68,Analyze Request for Quotation,2011-09-06 16:41:46.193359+00:00,Karel de Groot,complete
68,Amend Request for Quotation,2011-09-06 17:06:34.167025+00:00,Maris Freeman,start
68,Amend Request for Quotation,2011-09-06 17:14:12.597186+00:00,Maris Freeman,complete
68,Analyze Request for Quotation,2011-09-07 20:03:10.773279+00:00,Karel de Groot,start
68,Analyze Request for Quotation,2011-09-07 20:17:22.659036+00:00,Karel de Groot,complete
68,Amend Request for Quotation,2011-09-07 20:39:03.987109+00:00,Maris Freeman,start
68,Amend Request for Quotation,2011-09-07 20:46:04.958708+00:00,Maris Freeman,complete
68,Analyze Request for Quotation,2011-09-09 07:17:14.562982+00:00,Karel de Groot,start
68,Analyze Request for Quotation,2011-09-09 07:44:14.497441+00:00,Karel de Groot,complete
68,Amend Request for Quotation,2011-09-09 09:42:54.336549+00:00,Maris Freeman,start
68,Amend Request for Quotation,2011-09-09 09:52:58.653973+00:00,Maris Freeman,complete
68,Analyze Request for Quotation,2011-09-17 07:02:19.638458+00:00,Karel de Groot,start
68,Analyze Request for Quotation,2011-09-17 07:47:22.070335+00:00,Karel de Groot,complete
68,Amend Request for Quotation,2011-09-17 13:22:27.658358+00:00,Maris Freeman,start
68,Amend Request for Quotation,2011-09-17 13:34:24.771350+00:00,Maris Freeman,complete
68,Analyze Request for Quotation,2011-09-17 17:03:30.920248+00:00,Karel de Groot,start
68,Analyze Request for Quotation,2011-09-17 17:38:26.048467+00:00,Karel de Groot,complete
68,Amend Request for Quotation,2011-09-17 18:07:11.900737+00:00,Maris Freeman,start
68,Amend Request for Quotation,2011-09-17 18:14:43.103347+00:00,Maris Freeman,complete
68,Analyze Request for Quotation,2011-09-17 19:40:17.003308+00:00,Karel de Groot,start
68,Analyze Request for Quotation,2011-09-17 19:52:56.151865+00:00,Karel de Groot,complete
68,Amend Request for Quotation,2011-09-17 21:33:07.215625+00:00,Maris Freeman,start
68,Amend Request for Quotation,2011-09-17 21:41:41.400326+00:00,Maris Freeman,complete
68,Analyze Request for Quotation,2011-09-17 22:16:54.089248+00:00,Karel de Groot,start
68,Analyze Request for Quotation,2011-09-17 22:40:39.959231+00:00,Karel de Groot,complete
68,Amend Request for Quotation,2011-09-18 02:04:30.828828+00:00,Maris Freeman,start
68,Amend Request for Quotation,2011-09-18 02:13:08.935059+00:00,Maris Freeman,complete
68,Analyze Request for Quotation,2011-10-04 09:55:22.549978+00:00,Karel de Groot,start
68,Analyze Request for Quotation,2011-10-04 10:26:04.659323+00:00,Karel de Groot,complete
68,Amend Request for Quotation,2011-10-04 14:49:30.305032+00:00,Maris Freeman,start
68,Amend Request for Quotation,2011-10-04 15:01:54.878840+00:00,Maris Freeman,complete
68,Analyze Request for Quotation,2011-10-05 00:40:22.615198+00:00,Karel de Groot,start
68,Analyze Request for Quotation,2011-10-05 01:08:54.831150+00:00,Karel de Groot,complete
68,Amend Request for Quotation,2011-10-05 02:50:34.413758+00:00,Maris Freeman,start
68,Amend Request for Quotation,2011-10-05 02:59:41.794284+00:00,Maris Freeman,complete
68,Analyze Request for Quotation,2011-10-09 05:40:20.817444+00:00,Karel de Groot,start
68,Analyze Request for Quotation,2011-10-09 06:30:20.817444+00:00,Karel de Groot,complete
68,Send Request for Quotation to Supplier,2011-10-11 16:04:06.795421+00:00,Magdalena Predutta,start
68,Send Request for Quotation to Supplier,2011-10-11 16:21:10.520141+00:00,Magdalena Predutta,complete
68,Create Quotation comparison Map,2011-10-11 18:37:59.324776+00:00,Magdalena Predutta,start
68,Create Quotation comparison Map,2011-10-11 21:12:52.057931+00:00,Magdalena Predutta,complete
68,Analyze Quotation Comparison Map,2011-10-12 00:52:06.715238+00:00,Nico Ojenbeer,start
68,Analyze Quotation Comparison Map,2011-10-12 02:03:09.927100+00:00,Nico Ojenbeer,complete
68,Choose best option,2011-10-12 02:03:09.927100+00:00,Immanuel Karagianni,complete
68,Choose best option,2011-10-12 02:03:09.927100+00:00,Immanuel Karagianni,start
68,Settle Conditions With Supplier,2011-10-12 11:33:29.418065+00:00,Magdalena Predutta,start
68,Settle Conditions With Supplier,2011-10-12 23:31:43.971737+00:00,Magdalena Predutta,complete
68,Create Purchase Order,2011-10-13 20:56:18.473862+00:00,Magdalena Predutta,start
68,Create Purchase Order,2011-10-13 21:06:23.269681+00:00,Magdalena Predutta,complete
68,Confirm Purchase Order,2011-10-14 18:04:11.156930+00:00,Esmeralda Clay,start
68,Confirm Purchase Order,2011-10-14 18:22:53.607642+00:00,Esmeralda Clay,complete
68,Deliver Goods Services,2011-10-15 13:28:11.991387+00:00,Sean Manney,start
68,Deliver Goods Services,2011-10-16 00:36:03.465947+00:00,Sean Manney,complete
68,Release Purchase Order,2011-10-16 10:31:39.415113+00:00,Immanuel Karagianni,start
68,Release Purchase Order,2011-10-16 10:32:39.415113+00:00,Immanuel Karagianni,complete
68,Approve Purchase Order for payment,2011-10-16 18:13:52.872982+00:00,Magdalena Predutta,start
68,Approve Purchase Order for payment,2011-10-16 18:14:52.872982+00:00,Magdalena Predutta,complete
68,Send Invoice,2011-10-18 00:46:12.429499+00:00,Carmen Finacse,complete
68,Send Invoice,2011-10-18 00:46:12.429499+00:00,Carmen Finacse,start
68,Release Supplier's Invoice,2011-10-18 16:31:25.032460+00:00,Karalda Nimwada,start
68,Authorize Supplier's Invoice payment,2011-10-18 16:37:31.963885+00:00,Karalda Nimwada,start
68,Authorize Supplier's Invoice payment,2011-10-18 16:37:31.963885+00:00,Karalda Nimwada,complete
68,Release Supplier's Invoice,2011-10-18 16:37:31.963885+00:00,Karalda Nimwada,complete
68,Pay Invoice,2011-10-18 17:14:54.196756+00:00,Karalda Nimwada,start
68,Pay Invoice,2011-10-18 17:22:00.014321+00:00,Karalda Nimwada,complete
69,Create Purchase Requisition,2011-06-28 00:21:20.499407+00:00,Fjodor Kowalski,start
69,Create Purchase Requisition,2011-06-28 01:06:20.037866+00:00,Fjodor Kowalski,complete
69,Analyze Purchase Requisition,2011-06-28 15:57:31.928206+00:00,Maris Freeman,start
69,Analyze Purchase Requisition,2011-06-28 16:08:03.606583+00:00,Maris Freeman,complete
69,Create Request for Quotation,2011-06-28 18:04:46.739509+00:00,Heinz Gutschmidt,start
69,Create Request for Quotation,2011-06-28 18:09:05.758056+00:00,Heinz Gutschmidt,complete
69,Analyze Request for Quotation,2011-06-29 08:45:15.323241+00:00,Magdalena Predutta,start
69,Analyze Request for Quotation,2011-06-29 09:19:42.490312+00:00,Magdalena Predutta,complete
69,Amend Request for Quotation,2011-06-29 09:58:48.730627+00:00,Christian Francois,start
69,Amend Request for Quotation,2011-06-29 14:06:28.268339+00:00,Christian Francois,complete
69,Analyze Request for Quotation,2011-06-29 15:04:19.330849+00:00,Magdalena Predutta,start
69,Analyze Request for Quotation,2011-06-29 15:17:21.982350+00:00,Magdalena Predutta,complete
69,Amend Request for Quotation,2011-06-29 15:20:09.437334+00:00,Maris Freeman,start
69,Amend Request for Quotation,2011-06-29 15:29:54.653899+00:00,Maris Freeman,complete
69,Analyze Request for Quotation,2011-06-30 05:34:02.564571+00:00,Karel de Groot,start
69,Analyze Request for Quotation,2011-06-30 05:56:40.154648+00:00,Karel de Groot,complete
69,Amend Request for Quotation,2011-06-30 16:15:26.088585+00:00,Maris Freeman,start
69,Amend Request for Quotation,2011-06-30 16:31:09.314807+00:00,Maris Freeman,complete
69,Analyze Request for Quotation,2011-06-30 17:20:41.334758+00:00,Karel de Groot,start
69,Analyze Request for Quotation,2011-06-30 17:57:02.681768+00:00,Karel de Groot,complete
69,Amend Request for Quotation,2011-06-30 19:13:05.545455+00:00,Maris Freeman,start
69,Amend Request for Quotation,2011-06-30 19:36:07.068964+00:00,Maris Freeman,complete
69,Analyze Request for Quotation,2011-07-06 16:07:50.060684+00:00,Karel de Groot,start
69,Analyze Request for Quotation,2011-07-06 16:35:00.143629+00:00,Karel de Groot,complete
69,Amend Request for Quotation,2011-07-06 17:26:23.039481+00:00,Maris Freeman,start
69,Amend Request for Quotation,2011-07-06 17:34:16.419774+00:00,Maris Freeman,complete
69,Analyze Request for Quotation,2011-08-29 13:14:57.016008+00:00,Karel de Groot,start
69,Analyze Request for Quotation,2011-08-29 13:43:43.813045+00:00,Karel de Groot,complete
69,Amend Request for Quotation,2011-08-29 17:34:20.577968+00:00,Maris Freeman,start
69,Amend Request for Quotation,2011-08-29 17:39:36.463104+00:00,Maris Freeman,complete
69,Analyze Request for Quotation,2011-08-31 00:19:48.909589+00:00,Karel de Groot,start
69,Analyze Request for Quotation,2011-08-31 00:48:21.538871+00:00,Karel de Groot,complete
69,Amend Request for Quotation,2011-08-31 01:03:35.032100+00:00,Maris Freeman,start
69,Amend Request for Quotation,2011-08-31 01:15:37.597073+00:00,Maris Freeman,complete
69,Analyze Request for Quotation,2011-10-30 06:02:37.597073+00:00,Karel de Groot,start
69,Analyze Request for Quotation,2011-10-30 06:22:16.555202+00:00,Karel de Groot,complete
69,Amend Request for Quotation,2011-10-30 13:51:53.991830+00:00,Maris Freeman,start
69,Amend Request for Quotation,2011-10-30 15:03:12.837596+00:00,Maris Freeman,complete
69,Analyze Request for Quotation,2011-11-01 20:39:36.200671+00:00,Karel de Groot,start
69,Analyze Request for Quotation,2011-11-01 20:59:02.497224+00:00,Karel de Groot,complete
69,Amend Request for Quotation,2011-11-02 01:35:47.674024+00:00,Maris Freeman,start
69,Amend Request for Quotation,2011-11-02 01:45:46.560339+00:00,Maris Freeman,complete
69,Analyze Request for Quotation,2011-11-02 01:51:17.886333+00:00,Karel de Groot,start
69,Analyze Request for Quotation,2011-11-02 02:12:05.346612+00:00,Karel de Groot,complete
69,Amend Request for Quotation,2011-11-02 03:35:32.864249+00:00,Maris Freeman,start
69,Amend Request for Quotation,2011-11-02 03:47:35.134371+00:00,Maris Freeman,complete
69,Analyze Request for Quotation,2011-12-20 16:45:38.856780+00:00,Karel de Groot,start
69,Analyze Request for Quotation,2011-12-20 17:00:42.903477+00:00,Karel de Groot,complete
69,Send Request for Quotation to Supplier,2011-12-21 12:18:42.354435+00:00,Magdalena Predutta,start
69,Send Request for Quotation to Supplier,2011-12-21 12:42:12.901733+00:00,Magdalena Predutta,complete
69,Create Quotation comparison Map,2011-12-21 13:22:09.930458+00:00,Magdalena Predutta,start
69,Create Quotation comparison Map,2011-12-21 16:33:13.557025+00:00,Magdalena Predutta,complete
69,Analyze Quotation Comparison Map,2011-12-21 19:41:13.141547+00:00,Nico Ojenbeer,start
69,Analyze Quotation Comparison Map,2011-12-21 19:57:12.098506+00:00,Nico Ojenbeer,complete
69,Choose best option,2011-12-21 19:57:12.098506+00:00,Immanuel Karagianni,start
69,Choose best option,2011-12-21 19:57:12.098506+00:00,Immanuel Karagianni,complete
69,Settle Conditions With Supplier,2011-12-22 04:33:10.354549+00:00,Magdalena Predutta,start
69,Settle Conditions With Supplier,2011-12-22 18:35:17.011219+00:00,Magdalena Predutta,complete
69,Create Purchase Order,2011-12-23 04:40:00.605906+00:00,Magdalena Predutta,start
69,Create Purchase Order,2011-12-23 04:49:42.963627+00:00,Magdalena Predutta,complete
69,Confirm Purchase Order,2011-12-26 00:56:44.502597+00:00,Esmeralda Clay,start
69,Confirm Purchase Order,2011-12-26 02:12:13.058954+00:00,Esmeralda Clay,complete
69,Deliver Goods Services,2011-12-26 15:15:19.868864+00:00,Sean Manney,start
69,Deliver Goods Services,2011-12-28 13:16:54.423812+00:00,Sean Manney,complete
69,Release Purchase Order,2011-12-28 22:40:47.917701+00:00,Immanuel Karagianni,start
69,Release Purchase Order,2011-12-28 22:41:47.917701+00:00,Immanuel Karagianni,complete
69,Approve Purchase Order for payment,2011-12-30 01:17:01.633360+00:00,Magdalena Predutta,start
69,Approve Purchase Order for payment,2011-12-30 01:18:01.633360+00:00,Magdalena Predutta,complete
69,Send Invoice,2011-12-30 16:34:06.266058+00:00,Carmen Finacse,complete
69,Send Invoice,2011-12-30 16:34:06.266058+00:00,Carmen Finacse,start
69,Release Supplier's Invoice,2011-12-31 11:52:23.149596+00:00,Karalda Nimwada,start
69,Release Supplier's Invoice,2011-12-31 11:58:20.824355+00:00,Karalda Nimwada,complete
69,Authorize Supplier's Invoice payment,2011-12-31 12:07:58.342515+00:00,Karalda Nimwada,start
69,Authorize Supplier's Invoice payment,2011-12-31 12:07:58.342515+00:00,Karalda Nimwada,complete
69,Pay Invoice,2011-12-31 13:10:30.880825+00:00,Karalda Nimwada,start
69,Pay Invoice,2011-12-31 13:19:44.250442+00:00,Karalda Nimwada,complete
70,Create Purchase Requisition,2011-06-28 00:43:21.200195+00:00,Christian Francois,start
70,Create Purchase Requisition,2011-06-28 01:33:16.185844+00:00,Christian Francois,complete
70,Create Request for Quotation,2011-06-28 06:08:04.483404+00:00,Anne Olwada,start
70,Create Request for Quotation,2011-06-28 06:14:48.477870+00:00,Anne Olwada,complete
70,Analyze Request for Quotation,2011-06-28 07:06:52.654488+00:00,Magdalena Predutta,start
70,Analyze Request for Quotation,2011-06-28 07:40:48.696483+00:00,Magdalena Predutta,complete
70,Send Request for Quotation to Supplier,2011-06-28 14:44:07.219265+00:00,Karel de Groot,start
70,Send Request for Quotation to Supplier,2011-06-28 15:06:24.843283+00:00,Karel de Groot,complete
70,Create Quotation comparison Map,2011-06-28 16:42:15.855437+00:00,Magdalena Predutta,start
70,Create Quotation comparison Map,2011-06-28 22:18:07.910150+00:00,Magdalena Predutta,complete
70,Analyze Quotation Comparison Map,2011-06-29 08:10:54.285644+00:00,Esmana Liubiata,start
70,Choose best option,2011-06-29 10:23:30.758257+00:00,Immanuel Karagianni,start
70,Analyze Quotation Comparison Map,2011-06-29 10:23:30.758257+00:00,Nico Ojenbeer,complete
70,Choose best option,2011-06-29 10:23:30.758257+00:00,Immanuel Karagianni,complete
70,Settle Conditions With Supplier,2011-06-29 16:45:18.451907+00:00,Magdalena Predutta,start
70,Settle Conditions With Supplier,2011-06-30 07:15:32.759162+00:00,Magdalena Predutta,complete
70,Create Purchase Order,2011-06-30 10:44:29.095045+00:00,Magdalena Predutta,start
70,Create Purchase Order,2011-06-30 10:53:40.205859+00:00,Magdalena Predutta,complete
70,Confirm Purchase Order,2011-06-30 14:18:08.058840+00:00,Esmeralda Clay,start
70,Confirm Purchase Order,2011-06-30 14:30:54.288913+00:00,Esmeralda Clay,complete
70,Deliver Goods Services,2011-07-01 18:26:48.619734+00:00,Sean Manney,start
70,Deliver Goods Services,2011-07-03 08:21:19.514749+00:00,Sean Manney,complete
70,Release Purchase Order,2011-07-03 19:08:02.037036+00:00,Immanuel Karagianni,start
70,Release Purchase Order,2011-07-03 19:09:02.037036+00:00,Immanuel Karagianni,complete
70,Approve Purchase Order for payment,2011-07-03 21:35:58.663987+00:00,Magdalena Predutta,start
70,Approve Purchase Order for payment,2011-07-03 21:36:58.663987+00:00,Magdalena Predutta,complete
70,Send Invoice,2011-07-04 16:31:29.810643+00:00,Carmen Finacse,start
70,Send Invoice,2011-07-04 16:31:29.810643+00:00,Carmen Finacse,complete
70,Release Supplier's Invoice,2011-07-05 07:47:40.926643+00:00,Karalda Nimwada,start
70,Authorize Supplier's Invoice payment,2011-07-05 07:51:05.244146+00:00,Karalda Nimwada,start
70,Authorize Supplier's Invoice payment,2011-07-05 07:51:05.244146+00:00,Karalda Nimwada,complete
70,Release Supplier's Invoice,2011-07-05 07:51:05.244146+00:00,Karalda Nimwada,complete
70,Pay Invoice,2011-07-05 08:20:45.969905+00:00,Karalda Nimwada,start
70,Pay Invoice,2011-07-05 08:30:11.017276+00:00,Karalda Nimwada,complete
71,Create Purchase Requisition,2011-06-28 01:26:40.611486+00:00,Immanuel Karagianni,start
71,Create Purchase Requisition,2011-06-28 02:53:21.974794+00:00,Immanuel Karagianni,complete
71,Create Request for Quotation,2011-06-28 03:29:08.079567+00:00,Anne Olwada,start
71,Create Request for Quotation,2011-06-28 03:32:36.466930+00:00,Anne Olwada,complete
71,Analyze Request for Quotation,2011-07-01 02:50:17.341449+00:00,Francois de Perrier,start
71,Analyze Request for Quotation,2011-07-01 03:19:22.562369+00:00,Francois de Perrier,complete
71,Send Request for Quotation to Supplier,2011-07-01 22:45:59.183206+00:00,Magdalena Predutta,start
71,Send Request for Quotation to Supplier,2011-07-01 23:02:23.375698+00:00,Magdalena Predutta,complete
71,Create Quotation comparison Map,2011-07-02 03:22:33.098503+00:00,Magdalena Predutta,start
71,Create Quotation comparison Map,2011-07-02 09:00:37.533347+00:00,Magdalena Predutta,complete
71,Analyze Quotation Comparison Map,2011-07-02 18:08:25.840230+00:00,Nico Ojenbeer,start
71,Choose best option,2011-07-02 18:08:25.840230+00:00,Immanuel Karagianni,complete
71,Choose best option,2011-07-02 18:08:25.840230+00:00,Immanuel Karagianni,start
71,Analyze Quotation Comparison Map,2011-07-02 18:08:25.840230+00:00,Nico Ojenbeer,complete
71,Settle Conditions With Supplier,2011-07-03 05:53:58.990437+00:00,Magdalena Predutta,start
71,Settle Conditions With Supplier,2011-07-03 15:55:19.157558+00:00,Magdalena Predutta,complete
71,Create Purchase Order,2011-07-05 06:16:37.882439+00:00,Magdalena Predutta,start
71,Create Purchase Order,2011-07-05 06:25:43.250059+00:00,Magdalena Predutta,complete
71,Confirm Purchase Order,2011-07-05 12:14:22.177573+00:00,Esmeralda Clay,start
71,Confirm Purchase Order,2011-07-05 12:31:44.650050+00:00,Esmeralda Clay,complete
71,Deliver Goods Services,2011-07-08 04:16:39.360715+00:00,Sean Manney,start
71,Deliver Goods Services,2011-07-08 04:16:39.360715+00:00,Sean Manney,complete
71,Release Purchase Order,2011-07-08 13:52:25.606860+00:00,Immanuel Karagianni,start
71,Release Purchase Order,2011-07-08 13:53:25.606860+00:00,Immanuel Karagianni,complete
71,Approve Purchase Order for payment,2011-07-08 19:04:07.095819+00:00,Magdalena Predutta,start
71,Approve Purchase Order for payment,2011-07-08 19:05:07.095819+00:00,Magdalena Predutta,complete
71,Send Invoice,2011-07-09 06:19:05.081589+00:00,Carmen Finacse,complete
71,Send Invoice,2011-07-09 06:19:05.081589+00:00,Carmen Finacse,start
71,Release Supplier's Invoice,2011-07-09 21:05:55.486862+00:00,Karalda Nimwada,start
71,Release Supplier's Invoice,2011-07-09 21:10:20.043695+00:00,Karalda Nimwada,complete
71,Settle Dispute With Supplier,2011-07-09 21:33:13.748192+00:00,Pedro Alvares,start
71,Settle Dispute With Supplier,2011-07-09 21:51:06.837175+00:00,Pedro Alvares,complete
71,Authorize Supplier's Invoice payment,2011-07-09 22:04:06.951335+00:00,Karalda Nimwada,start
71,Authorize Supplier's Invoice payment,2011-07-09 22:04:06.951335+00:00,Karalda Nimwada,complete
71,Pay Invoice,2011-07-09 22:52:42.814198+00:00,Karalda Nimwada,start
71,Pay Invoice,2011-07-09 23:03:25.599509+00:00,Karalda Nimwada,complete
72,Create Purchase Requisition,2011-06-28 04:35:06.828273+00:00,Tesca Lobes,start
72,Create Purchase Requisition,2011-06-28 04:47:28.620103+00:00,Tesca Lobes,complete
72,Create Request for Quotation,2011-06-28 09:04:53.865806+00:00,Fjodor Kowalski,start
72,Create Request for Quotation,2011-06-28 09:09:27.182780+00:00,Fjodor Kowalski,complete
72,Analyze Request for Quotation,2011-07-03 10:22:24.168340+00:00,Karel de Groot,start
72,Analyze Request for Quotation,2011-07-03 10:51:04.413313+00:00,Karel de Groot,complete
72,Amend Request for Quotation,2011-07-03 10:54:56.460872+00:00,Nico Ojenbeer,start
72,Amend Request for Quotation,2011-07-03 10:59:52.648886+00:00,Nico Ojenbeer,complete
72,Analyze Request for Quotation,2011-07-03 14:51:21.523200+00:00,Francois de Perrier,start
72,Analyze Request for Quotation,2011-07-03 15:16:09.223547+00:00,Francois de Perrier,complete
72,Send Request for Quotation to Supplier,2011-07-04 22:35:21.812805+00:00,Magdalena Predutta,start
72,Send Request for Quotation to Supplier,2011-07-04 22:53:52.253748+00:00,Magdalena Predutta,complete
72,Create Quotation comparison Map,2011-07-07 06:28:53.251760+00:00,Magdalena Predutta,start
72,Create Quotation comparison Map,2011-07-07 08:49:14.375191+00:00,Magdalena Predutta,complete
72,Analyze Quotation Comparison Map,2011-07-07 18:58:11.163916+00:00,Nico Ojenbeer,start
72,Choose best option,2011-07-07 20:28:45.082806+00:00,Immanuel Karagianni,start
72,Choose best option,2011-07-07 20:28:45.082806+00:00,Immanuel Karagianni,complete
72,Analyze Quotation Comparison Map,2011-07-07 20:28:45.082806+00:00,Nico Ojenbeer,complete
72,Settle Conditions With Supplier,2011-07-08 04:27:56.250097+00:00,Magdalena Predutta,start
72,Settle Conditions With Supplier,2011-07-08 17:22:35.939750+00:00,Magdalena Predutta,complete
72,Create Purchase Order,2011-07-08 17:52:22.785447+00:00,Magdalena Predutta,start
72,Create Purchase Order,2011-07-08 18:01:28.546886+00:00,Magdalena Predutta,complete
72,Confirm Purchase Order,2011-07-20 00:40:36.671140+00:00,Esmeralda Clay,start
72,Confirm Purchase Order,2011-07-20 04:07:55.852972+00:00,Esmeralda Clay,complete
72,Deliver Goods Services,2011-07-20 17:30:50.055927+00:00,Sean Manney,start
72,Deliver Goods Services,2011-07-22 23:08:52.539152+00:00,Sean Manney,complete
72,Release Purchase Order,2011-07-23 08:24:04.511299+00:00,Immanuel Karagianni,start
72,Release Purchase Order,2011-07-23 08:25:04.511299+00:00,Immanuel Karagianni,complete
72,Approve Purchase Order for payment,2011-07-23 17:47:11.821897+00:00,Magdalena Predutta,start
72,Approve Purchase Order for payment,2011-07-23 17:48:11.821897+00:00,Magdalena Predutta,complete
72,Send Invoice,2011-07-24 05:17:04.032445+00:00,Carmen Finacse,start
72,Send Invoice,2011-07-24 05:17:04.032445+00:00,Carmen Finacse,complete
72,Release Supplier's Invoice,2011-07-24 16:00:03.466030+00:00,Karalda Nimwada,start
72,Authorize Supplier's Invoice payment,2011-07-24 16:06:33.660677+00:00,Karalda Nimwada,complete
72,Authorize Supplier's Invoice payment,2011-07-24 16:06:33.660677+00:00,Karalda Nimwada,start
72,Release Supplier's Invoice,2011-07-24 16:06:33.660677+00:00,Karalda Nimwada,complete
72,Pay Invoice,2011-07-24 16:39:30.607853+00:00,Karalda Nimwada,start
72,Pay Invoice,2011-07-24 16:45:41.869145+00:00,Karalda Nimwada,complete
73,Create Purchase Requisition,2011-06-28 07:47:23.076843+00:00,Kim Passa,start
73,Create Purchase Requisition,2011-06-28 08:03:18.196624+00:00,Kim Passa,complete
73,Analyze Purchase Requisition,2011-06-28 23:44:05.214044+00:00,Francis Odell,start
73,Analyze Purchase Requisition,2011-06-28 23:56:44.221333+00:00,Francis Odell,complete
73,Create Request for Quotation,2011-06-29 00:05:06.142021+00:00,Heinz Gutschmidt,start
73,Create Request for Quotation,2011-06-29 00:14:41.927076+00:00,Heinz Gutschmidt,complete
73,Analyze Request for Quotation,2011-06-30 18:33:11.896159+00:00,Magdalena Predutta,start
73,Analyze Request for Quotation,2011-06-30 18:47:20.332255+00:00,Magdalena Predutta,complete
73,Amend Request for Quotation,2011-06-30 18:54:26.955391+00:00,Maris Freeman,start
73,Amend Request for Quotation,2011-06-30 19:06:36.621448+00:00,Maris Freeman,complete
73,Analyze Request for Quotation,2011-07-02 06:31:09.224898+00:00,Francois de Perrier,start
73,Analyze Request for Quotation,2011-07-02 06:49:42.534692+00:00,Francois de Perrier,complete
73,Send Request for Quotation to Supplier,2011-07-02 09:47:05.929543+00:00,Magdalena Predutta,start
73,Send Request for Quotation to Supplier,2011-07-02 10:11:37.957415+00:00,Magdalena Predutta,complete
73,Create Quotation comparison Map,2011-07-02 15:39:41.755445+00:00,Magdalena Predutta,start
73,Create Quotation comparison Map,2011-07-02 17:42:03.687617+00:00,Magdalena Predutta,complete
73,Analyze Quotation Comparison Map,2011-07-03 02:30:58.497630+00:00,Nico Ojenbeer,start
73,Analyze Quotation Comparison Map,2011-07-03 02:53:15.045411+00:00,Nico Ojenbeer,complete
73,Choose best option,2011-07-03 02:53:15.045411+00:00,Immanuel Karagianni,complete
73,Choose best option,2011-07-03 02:53:15.045411+00:00,Immanuel Karagianni,start
73,Settle Conditions With Supplier,2011-07-05 12:39:04.865143+00:00,Magdalena Predutta,start
73,Settle Conditions With Supplier,2011-07-05 20:22:13.541089+00:00,Magdalena Predutta,complete
73,Create Purchase Order,2011-07-06 00:09:48.704615+00:00,Magdalena Predutta,start
73,Create Purchase Order,2011-07-06 00:18:01.338313+00:00,Magdalena Predutta,complete
73,Confirm Purchase Order,2011-07-06 11:26:54.681526+00:00,Esmeralda Clay,start
73,Confirm Purchase Order,2011-07-06 11:56:09.258578+00:00,Esmeralda Clay,complete
73,Deliver Goods Services,2011-07-12 11:48:18.210060+00:00,Sean Manney,start
73,Deliver Goods Services,2011-07-13 16:03:30.809174+00:00,Sean Manney,complete
73,Release Purchase Order,2011-07-14 00:12:47.648430+00:00,Immanuel Karagianni,start
73,Release Purchase Order,2011-07-14 00:13:47.648430+00:00,Immanuel Karagianni,complete
73,Approve Purchase Order for payment,2011-07-14 06:34:20.472550+00:00,Magdalena Predutta,start
73,Approve Purchase Order for payment,2011-07-14 06:35:20.472550+00:00,Magdalena Predutta,complete
73,Send Invoice,2011-07-14 21:02:51.330010+00:00,Carmen Finacse,complete
73,Send Invoice,2011-07-14 21:02:51.330010+00:00,Carmen Finacse,start
73,Release Supplier's Invoice,2011-07-15 12:37:12.485022+00:00,Karalda Nimwada,start
73,Release Supplier's Invoice,2011-07-15 12:43:18.086117+00:00,Karalda Nimwada,complete
73,Authorize Supplier's Invoice payment,2011-07-15 12:47:42.991863+00:00,Karalda Nimwada,start
73,Authorize Supplier's Invoice payment,2011-07-15 12:47:42.991863+00:00,Karalda Nimwada,complete
73,Pay Invoice,2011-07-15 13:00:55.325117+00:00,Karalda Nimwada,start
73,Pay Invoice,2011-07-15 13:14:35.473699+00:00,Karalda Nimwada,complete
74,Create Purchase Requisition,2011-06-28 11:28:00.842139+00:00,Kim Passa,start
74,Create Purchase Requisition,2011-06-28 11:34:07.551030+00:00,Kim Passa,complete
74,Analyze Purchase Requisition,2011-06-29 11:10:52.239295+00:00,Francis Odell,start
74,Analyze Purchase Requisition,2011-06-29 11:16:05.851123+00:00,Francis Odell,complete
74,Create Request for Quotation,2011-06-29 11:21:11.030390+00:00,Francis Odell,start
74,Create Request for Quotation,2011-06-29 11:22:11.220387+00:00,Francis Odell,complete
74,Analyze Request for Quotation,2011-06-30 18:04:09.270250+00:00,Francois de Perrier,start
74,Analyze Request for Quotation,2011-06-30 18:37:03.752739+00:00,Francois de Perrier,complete
74,Send Request for Quotation to Supplier,2011-06-30 20:59:50.198969+00:00,Magdalena Predutta,start
74,Send Request for Quotation to Supplier,2011-06-30 21:17:23.840643+00:00,Magdalena Predutta,complete
74,Create Quotation comparison Map,2011-07-01 08:04:24.860413+00:00,Magdalena Predutta,start
74,Create Quotation comparison Map,2011-07-01 10:51:02.259685+00:00,Magdalena Predutta,complete
74,Analyze Quotation Comparison Map,2011-07-01 17:27:29.213810+00:00,Nico Ojenbeer,start
74,Analyze Quotation Comparison Map,2011-07-01 17:37:44.422796+00:00,Nico Ojenbeer,complete
74,Choose best option,2011-07-01 17:37:44.422796+00:00,Immanuel Karagianni,complete
74,Choose best option,2011-07-01 17:37:44.422796+00:00,Immanuel Karagianni,start
74,Settle Conditions With Supplier,2011-07-01 21:07:38.545860+00:00,Magdalena Predutta,start
74,Settle Conditions With Supplier,2011-07-02 03:50:41.747632+00:00,Magdalena Predutta,complete
74,Create Purchase Order,2011-07-02 12:49:55.617808+00:00,Magdalena Predutta,start
74,Create Purchase Order,2011-07-02 12:56:40.532833+00:00,Magdalena Predutta,complete
74,Confirm Purchase Order,2011-07-05 04:49:32.576116+00:00,Esmeralda Clay,start
74,Confirm Purchase Order,2011-07-05 07:11:56.773299+00:00,Esmeralda Clay,complete
74,Deliver Goods Services,2011-07-05 22:36:11.725408+00:00,Sean Manney,start
74,Deliver Goods Services,2011-07-06 16:23:16.039068+00:00,Sean Manney,complete
74,Release Purchase Order,2011-07-06 23:38:19.746352+00:00,Immanuel Karagianni,start
74,Release Purchase Order,2011-07-06 23:39:19.746352+00:00,Immanuel Karagianni,complete
74,Approve Purchase Order for payment,2011-07-07 10:05:29.592237+00:00,Magdalena Predutta,start
74,Approve Purchase Order for payment,2011-07-07 10:06:29.592237+00:00,Magdalena Predutta,complete
74,Send Invoice,2011-07-07 20:17:09.283342+00:00,Carmen Finacse,complete
74,Send Invoice,2011-07-07 20:17:09.283342+00:00,Carmen Finacse,start
74,Release Supplier's Invoice,2011-07-08 11:02:30.220082+00:00,Karalda Nimwada,start
74,Release Supplier's Invoice,2011-07-08 11:04:44.758163+00:00,Karalda Nimwada,complete
74,Authorize Supplier's Invoice payment,2011-07-08 11:08:42.047721+00:00,Karalda Nimwada,start
74,Authorize Supplier's Invoice payment,2011-07-08 11:08:42.047721+00:00,Karalda Nimwada,complete
74,Pay Invoice,2011-07-08 11:59:53.566429+00:00,Karalda Nimwada,start
74,Pay Invoice,2011-07-08 12:04:37.265960+00:00,Karalda Nimwada,complete
75,Create Purchase Requisition,2011-06-28 12:01:12.802711+00:00,Esmana Liubiata,start
75,Create Purchase Requisition,2011-06-28 12:42:55.662859+00:00,Esmana Liubiata,complete
75,Analyze Purchase Requisition,2011-06-29 03:09:38.065010+00:00,Maris Freeman,start
75,Analyze Purchase Requisition,2011-06-29 03:17:18.704936+00:00,Maris Freeman,complete
75,Create Request for Quotation,2011-06-29 03:20:17.484935+00:00,Francis Odell,start
75,Create Request for Quotation,2011-06-29 03:21:22.153048+00:00,Francis Odell,complete
75,Analyze Request for Quotation,2011-07-05 10:45:39.139825+00:00,Francois de Perrier,start
75,Analyze Request for Quotation,2011-07-05 11:11:03.754479+00:00,Francois de Perrier,complete
75,Send Request for Quotation to Supplier,2011-07-05 14:03:05.650039+00:00,Magdalena Predutta,start
75,Send Request for Quotation to Supplier,2011-07-05 14:26:19.949291+00:00,Magdalena Predutta,complete
75,Create Quotation comparison Map,2011-07-05 17:10:21.424628+00:00,Magdalena Predutta,start
75,Create Quotation comparison Map,2011-07-05 22:41:28.062160+00:00,Magdalena Predutta,complete
75,Analyze Quotation Comparison Map,2011-07-06 03:48:49.937182+00:00,Nico Ojenbeer,start
75,Analyze Quotation Comparison Map,2011-07-06 04:03:40.951609+00:00,Nico Ojenbeer,complete
75,Choose best option,2011-07-06 04:03:40.951609+00:00,Immanuel Karagianni,complete
75,Choose best option,2011-07-06 04:03:40.951609+00:00,Immanuel Karagianni,start
75,Settle Conditions With Supplier,2011-07-06 09:16:38.541914+00:00,Magdalena Predutta,start
75,Settle Conditions With Supplier,2011-07-06 18:10:16.304730+00:00,Magdalena Predutta,complete
75,Create Purchase Order,2011-07-06 23:08:12.687492+00:00,Magdalena Predutta,start
75,Create Purchase Order,2011-07-06 23:17:07.051518+00:00,Magdalena Predutta,complete
75,Confirm Purchase Order,2011-07-08 18:10:17.148573+00:00,Esmeralda Clay,start
75,Confirm Purchase Order,2011-07-08 18:46:54.667946+00:00,Esmeralda Clay,complete
75,Deliver Goods Services,2011-07-11 01:17:20.932861+00:00,Sean Manney,start
75,Deliver Goods Services,2011-07-11 06:33:45.548953+00:00,Sean Manney,complete
75,Release Purchase Order,2011-07-11 12:14:56.614609+00:00,Immanuel Karagianni,start
75,Release Purchase Order,2011-07-11 12:15:56.614609+00:00,Immanuel Karagianni,complete
75,Approve Purchase Order for payment,2011-07-12 10:59:04.318998+00:00,Magdalena Predutta,start
75,Approve Purchase Order for payment,2011-07-12 11:00:04.318998+00:00,Magdalena Predutta,complete
75,Send Invoice,2011-07-29 07:42:20.348227+00:00,Carmen Finacse,start
75,Send Invoice,2011-07-29 07:42:20.348227+00:00,Carmen Finacse,complete
75,Release Supplier's Invoice,2011-07-29 20:18:46.372542+00:00,Karalda Nimwada,start
75,Release Supplier's Invoice,2011-07-29 20:22:58.616270+00:00,Karalda Nimwada,complete
75,Authorize Supplier's Invoice payment,2011-07-29 20:24:26.493713+00:00,Karalda Nimwada,start
75,Authorize Supplier's Invoice payment,2011-07-29 20:24:26.493713+00:00,Karalda Nimwada,complete
75,Pay Invoice,2011-07-29 21:26:28.688443+00:00,Karalda Nimwada,start
75,Pay Invoice,2011-07-29 21:30:58.198045+00:00,Karalda Nimwada,complete
76,Create Purchase Requisition,2011-06-28 13:42:14.862800+00:00,Immanuel Karagianni,start
76,Create Purchase Requisition,2011-06-28 14:24:25.593764+00:00,Immanuel Karagianni,complete
76,Create Request for Quotation,2011-06-28 21:30:17.031499+00:00,Anne Olwada,start
76,Create Request for Quotation,2011-06-28 21:31:54.575887+00:00,Anne Olwada,complete
76,Analyze Request for Quotation,2011-07-02 01:17:23.075731+00:00,Karel de Groot,start
76,Analyze Request for Quotation,2011-07-02 01:36:38.790385+00:00,Karel de Groot,complete
77,Create Purchase Requisition,2011-06-28 20:04:43.365600+00:00,Anne Olwada,start
77,Create Purchase Requisition,2011-06-28 21:43:31.872320+00:00,Anne Olwada,complete
77,Analyze Purchase Requisition,2011-06-29 14:18:01.035935+00:00,Francis Odell,start
77,Analyze Purchase Requisition,2011-06-29 14:24:08.611809+00:00,Francis Odell,complete
77,Create Request for Quotation,2011-06-29 14:30:55.585898+00:00,Francis Odell,start
77,Create Request for Quotation,2011-06-29 14:32:23.514333+00:00,Francis Odell,complete
77,Analyze Request for Quotation,2011-07-01 18:50:09.928778+00:00,Karel de Groot,start
77,Analyze Request for Quotation,2011-07-01 19:14:03.725524+00:00,Karel de Groot,complete
78,Create Purchase Requisition,2011-06-29 00:09:19.235616+00:00,Esmana Liubiata,start
78,Create Purchase Requisition,2011-06-29 02:27:45.503677+00:00,Esmana Liubiata,complete
78,Analyze Purchase Requisition,2011-06-29 16:42:09.382058+00:00,Francis Odell,start
78,Analyze Purchase Requisition,2011-06-29 16:48:01.152415+00:00,Francis Odell,complete
79,Create Purchase Requisition,2011-06-29 03:06:52.582010+00:00,Tesca Lobes,start
79,Create Purchase Requisition,2011-06-29 05:54:03.370882+00:00,Tesca Lobes,complete
79,Analyze Purchase Requisition,2011-06-29 12:26:21.827372+00:00,Maris Freeman,start
79,Analyze Purchase Requisition,2011-06-29 12:34:39.160313+00:00,Maris Freeman,complete
79,Create Request for Quotation,2011-06-29 12:38:59.529191+00:00,Francis Odell,start
79,Create Request for Quotation,2011-06-29 12:46:35.744620+00:00,Francis Odell,complete
79,Analyze Request for Quotation,2011-06-30 01:12:19.992551+00:00,Karel de Groot,start
79,Analyze Request for Quotation,2011-06-30 01:44:50.857095+00:00,Karel de Groot,complete
79,Amend Request for Quotation,2011-06-30 02:43:02.891874+00:00,Clement Duchot,start
79,Amend Request for Quotation,2011-06-30 02:50:54.423890+00:00,Clement Duchot,complete
79,Analyze Request for Quotation,2011-07-14 19:02:47.730730+00:00,Francois de Perrier,start
79,Analyze Request for Quotation,2011-07-14 19:42:16.254464+00:00,Francois de Perrier,complete
80,Create Purchase Requisition,2011-06-29 14:17:34.337449+00:00,Immanuel Karagianni,start
80,Create Purchase Requisition,2011-06-29 17:27:36.141658+00:00,Immanuel Karagianni,complete
80,Create Request for Quotation,2011-06-29 22:15:25.046283+00:00,Tesca Lobes,start
80,Create Request for Quotation,2011-06-29 22:17:27.860381+00:00,Tesca Lobes,complete
80,Analyze Request for Quotation,2011-07-01 06:23:06.364604+00:00,Francois de Perrier,start
80,Analyze Request for Quotation,2011-07-01 06:41:51.845830+00:00,Francois de Perrier,complete
80,Amend Request for Quotation,2011-07-01 09:11:03.095304+00:00,Kim Passa,start
80,Amend Request for Quotation,2011-07-01 09:17:36.022879+00:00,Kim Passa,complete
80,Analyze Request for Quotation,2011-08-13 03:26:49.445575+00:00,Francois de Perrier,start
80,Analyze Request for Quotation,2011-08-13 03:46:32.969121+00:00,Francois de Perrier,complete
80,Send Request for Quotation to Supplier,2011-08-13 09:34:23.249451+00:00,Magdalena Predutta,start
80,Send Request for Quotation to Supplier,2011-08-13 09:52:32.552170+00:00,Magdalena Predutta,complete
80,Create Quotation comparison Map,2011-08-13 10:03:52.177523+00:00,Magdalena Predutta,start
80,Create Quotation comparison Map,2011-08-13 11:34:29.841592+00:00,Magdalena Predutta,complete
80,Analyze Quotation Comparison Map,2011-08-13 19:03:11.893323+00:00,Anna Kaufmann,start
80,Analyze Quotation Comparison Map,2011-08-13 21:28:11.599527+00:00,Nico Ojenbeer,complete
80,Choose best option,2011-08-13 21:28:11.599527+00:00,Immanuel Karagianni,complete
80,Choose best option,2011-08-13 21:28:11.599527+00:00,Immanuel Karagianni,start
80,Settle Conditions With Supplier,2011-08-14 02:50:47.111350+00:00,Magdalena Predutta,start
80,Settle Conditions With Supplier,2011-08-14 11:23:17.108147+00:00,Magdalena Predutta,complete
80,Create Purchase Order,2011-08-15 04:33:55.969331+00:00,Magdalena Predutta,start
80,Create Purchase Order,2011-08-15 04:45:26.869195+00:00,Magdalena Predutta,complete
80,Confirm Purchase Order,2011-08-15 08:38:02.513214+00:00,Esmeralda Clay,start
80,Confirm Purchase Order,2011-08-15 08:42:18.244087+00:00,Esmeralda Clay,complete
80,Deliver Goods Services,2011-08-19 17:29:00.257870+00:00,Sean Manney,start
80,Deliver Goods Services,2011-08-20 11:22:50.516152+00:00,Sean Manney,complete
80,Release Purchase Order,2011-08-20 20:20:24.978850+00:00,Immanuel Karagianni,start
80,Release Purchase Order,2011-08-20 20:21:24.978850+00:00,Immanuel Karagianni,complete
80,Approve Purchase Order for payment,2011-08-21 11:05:03.735051+00:00,Magdalena Predutta,start
80,Approve Purchase Order for payment,2011-08-21 11:06:03.735051+00:00,Magdalena Predutta,complete
80,Send Invoice,2011-08-23 07:35:08.170832+00:00,Carmen Finacse,start
80,Send Invoice,2011-08-23 07:35:08.170832+00:00,Carmen Finacse,complete
80,Release Supplier's Invoice,2011-08-23 18:53:21.252199+00:00,Karalda Nimwada,start
80,Release Supplier's Invoice,2011-08-23 18:58:40.337846+00:00,Karalda Nimwada,complete
80,Authorize Supplier's Invoice payment,2011-08-23 18:59:37.670157+00:00,Karalda Nimwada,complete
80,Authorize Supplier's Invoice payment,2011-08-23 18:59:37.670157+00:00,Karalda Nimwada,start
80,Pay Invoice,2011-08-23 20:01:38.843064+00:00,Karalda Nimwada,start
80,Pay Invoice,2011-08-23 20:05:57.787882+00:00,Karalda Nimwada,complete
81,Create Purchase Requisition,2011-06-29 23:48:49.409653+00:00,Tesca Lobes,start
81,Create Purchase Requisition,2011-06-30 00:06:16.825248+00:00,Tesca Lobes,complete
81,Create Request for Quotation,2011-06-30 00:06:16.825248+00:00,Penn Osterwalder,start
81,Create Request for Quotation,2011-06-30 00:07:57.305128+00:00,Penn Osterwalder,complete
81,Analyze Request for Quotation,2011-07-04 17:57:50.726194+00:00,Karel de Groot,start
81,Analyze Request for Quotation,2011-07-04 18:25:29.259796+00:00,Karel de Groot,complete
82,Create Purchase Requisition,2011-06-30 07:43:41.781727+00:00,Alberto Duport,start
82,Create Purchase Requisition,2011-06-30 07:50:49.956393+00:00,Alberto Duport,complete
82,Create Request for Quotation,2011-06-30 13:32:35.183595+00:00,Nico Ojenbeer,start
82,Create Request for Quotation,2011-06-30 13:33:48.594450+00:00,Nico Ojenbeer,complete
82,Analyze Request for Quotation,2011-07-02 03:57:18.767249+00:00,Karel de Groot,start
82,Analyze Request for Quotation,2011-07-02 04:09:05.410750+00:00,Karel de Groot,complete
82,Send Request for Quotation to Supplier,2011-07-03 17:30:47.207106+00:00,Magdalena Predutta,start
82,Send Request for Quotation to Supplier,2011-07-03 17:50:47.594708+00:00,Magdalena Predutta,complete
82,Create Quotation comparison Map,2011-07-03 19:25:17.110676+00:00,Magdalena Predutta,start
82,Create Quotation comparison Map,2011-07-04 00:41:58.764594+00:00,Magdalena Predutta,complete
82,Analyze Quotation Comparison Map,2011-07-04 05:32:59.682926+00:00,Nico Ojenbeer,start
82,Analyze Quotation Comparison Map,2011-07-04 05:59:14.735392+00:00,Nico Ojenbeer,complete
82,Choose best option,2011-07-04 05:59:14.735392+00:00,Immanuel Karagianni,start
82,Choose best option,2011-07-04 05:59:14.735392+00:00,Immanuel Karagianni,complete
82,Settle Conditions With Supplier,2011-07-04 08:52:36.356099+00:00,Magdalena Predutta,start
82,Settle Conditions With Supplier,2011-07-04 19:53:27.099176+00:00,Magdalena Predutta,complete
82,Create Purchase Order,2011-07-04 22:43:24.393751+00:00,Magdalena Predutta,start
82,Create Purchase Order,2011-07-04 22:50:25.773454+00:00,Magdalena Predutta,complete
82,Confirm Purchase Order,2011-07-05 17:37:02.974199+00:00,Esmeralda Clay,start
82,Confirm Purchase Order,2011-07-05 18:11:12.657695+00:00,Esmeralda Clay,complete
82,Deliver Goods Services,2011-07-06 13:25:22.206356+00:00,Sean Manney,start
82,Deliver Goods Services,2011-07-07 21:57:45.419756+00:00,Sean Manney,complete
82,Release Purchase Order,2011-07-07 22:55:02.117324+00:00,Immanuel Karagianni,start
82,Release Purchase Order,2011-07-07 22:56:02.117324+00:00,Immanuel Karagianni,complete
82,Settle Dispute With Supplier,2011-07-08 16:03:02.117324+00:00,Pedro Alvares,start
82,Settle Dispute With Supplier,2011-07-09 08:23:02.117324+00:00,Pedro Alvares,complete
82,Release Purchase Order,2011-07-09 19:01:02.117324+00:00,Immanuel Karagianni,start
82,Release Purchase Order,2011-07-09 19:02:02.117324+00:00,Immanuel Karagianni,complete
82,Approve Purchase Order for payment,2011-07-10 14:09:06.665114+00:00,Magdalena Predutta,start
82,Approve Purchase Order for payment,2011-07-10 14:10:06.665114+00:00,Magdalena Predutta,complete
82,Send Invoice,2011-07-11 13:13:14.831324+00:00,Carmen Finacse,complete
82,Send Invoice,2011-07-11 13:13:14.831324+00:00,Carmen Finacse,start
82,Release Supplier's Invoice,2011-07-12 00:31:53.055156+00:00,Karalda Nimwada,start
82,Release Supplier's Invoice,2011-07-12 00:37:27.897512+00:00,Karalda Nimwada,complete
82,Authorize Supplier's Invoice payment,2011-07-12 00:37:27.897512+00:00,Karalda Nimwada,start
82,Authorize Supplier's Invoice payment,2011-07-12 00:37:27.897512+00:00,Karalda Nimwada,complete
82,Pay Invoice,2011-07-12 01:00:39.300877+00:00,Karalda Nimwada,start
82,Pay Invoice,2011-07-12 01:12:34.930964+00:00,Karalda Nimwada,complete
83,Create Purchase Requisition,2011-06-30 21:22:15.710137+00:00,Penn Osterwalder,start
83,Create Purchase Requisition,2011-06-30 21:31:20.613688+00:00,Penn Osterwalder,complete
83,Analyze Purchase Requisition,2011-07-01 20:42:40.962917+00:00,Francis Odell,start
83,Analyze Purchase Requisition,2011-07-01 20:51:15.623218+00:00,Francis Odell,complete
83,Create Request for Quotation,2011-07-01 20:55:51.303504+00:00,Heinz Gutschmidt,start
83,Create Request for Quotation,2011-07-01 20:58:08.702382+00:00,Heinz Gutschmidt,complete
83,Analyze Request for Quotation,2011-07-09 20:40:20.185082+00:00,Karel de Groot,start
83,Analyze Request for Quotation,2011-07-09 21:00:53.790245+00:00,Karel de Groot,complete
83,Send Request for Quotation to Supplier,2011-07-10 00:55:24.798125+00:00,Magdalena Predutta,start
83,Send Request for Quotation to Supplier,2011-07-10 01:28:37.490997+00:00,Magdalena Predutta,complete
83,Create Quotation comparison Map,2011-07-10 03:48:21.389146+00:00,Francois de Perrier,start
83,Create Quotation comparison Map,2011-07-10 08:41:15.905769+00:00,Francois de Perrier,complete
83,Analyze Quotation Comparison Map,2011-07-10 12:53:58.449350+00:00,Esmana Liubiata,start
83,Choose best option,2011-07-10 13:16:31.223892+00:00,Immanuel Karagianni,complete
83,Choose best option,2011-07-10 13:16:31.223892+00:00,Immanuel Karagianni,start
83,Analyze Quotation Comparison Map,2011-07-10 13:16:31.223892+00:00,Nico Ojenbeer,complete
83,Settle Conditions With Supplier,2011-07-11 08:30:04.307566+00:00,Magdalena Predutta,start
83,Settle Conditions With Supplier,2011-07-11 18:58:11.998494+00:00,Magdalena Predutta,complete
83,Create Purchase Order,2011-07-11 22:25:12.450548+00:00,Magdalena Predutta,start
83,Create Purchase Order,2011-07-11 22:36:33.220367+00:00,Magdalena Predutta,complete
83,Confirm Purchase Order,2011-07-12 18:03:33.856480+00:00,Esmeralda Clay,start
83,Confirm Purchase Order,2011-07-12 18:19:01.094050+00:00,Esmeralda Clay,complete
83,Deliver Goods Services,2011-07-13 07:05:29.259701+00:00,Sean Manney,start
83,Deliver Goods Services,2011-07-13 07:05:29.259701+00:00,Sean Manney,complete
83,Release Purchase Order,2011-07-13 19:28:31.123281+00:00,Immanuel Karagianni,start
83,Release Purchase Order,2011-07-13 19:29:31.123281+00:00,Immanuel Karagianni,complete
83,Approve Purchase Order for payment,2011-07-14 20:31:26.140942+00:00,Magdalena Predutta,start
83,Approve Purchase Order for payment,2011-07-14 20:32:26.140942+00:00,Magdalena Predutta,complete
83,Send Invoice,2011-07-18 10:26:26.394483+00:00,Carmen Finacse,complete
83,Send Invoice,2011-07-18 10:26:26.394483+00:00,Carmen Finacse,start
83,Release Supplier's Invoice,2011-07-19 00:08:57.376700+00:00,Karalda Nimwada,start
83,Authorize Supplier's Invoice payment,2011-07-19 00:12:13.645581+00:00,Karalda Nimwada,complete
83,Release Supplier's Invoice,2011-07-19 00:12:13.645581+00:00,Karalda Nimwada,complete
83,Authorize Supplier's Invoice payment,2011-07-19 00:12:13.645581+00:00,Karalda Nimwada,start
83,Pay Invoice,2011-07-19 01:01:54.984754+00:00,Karalda Nimwada,start
83,Pay Invoice,2011-07-19 01:12:19.829319+00:00,Karalda Nimwada,complete
84,Create Purchase Requisition,2011-06-30 22:31:04.990465+00:00,Kim Passa,start
84,Create Purchase Requisition,2011-06-30 22:39:20.961294+00:00,Kim Passa,complete
84,Analyze Purchase Requisition,2011-07-01 20:50:04.320115+00:00,Francis Odell,start
84,Analyze Purchase Requisition,2011-07-01 20:56:10.629908+00:00,Francis Odell,complete
84,Create Request for Quotation,2011-07-01 20:59:32.950598+00:00,Francis Odell,start
84,Create Request for Quotation,2011-07-01 23:00:58.335650+00:00,Francis Odell,complete
84,Analyze Request for Quotation,2011-07-03 10:27:59.457167+00:00,Magdalena Predutta,start
84,Analyze Request for Quotation,2011-07-03 10:51:36.803057+00:00,Magdalena Predutta,complete
85,Create Purchase Requisition,2011-07-01 05:33:56.557737+00:00,Elvira Lores,start
85,Create Purchase Requisition,2011-07-01 09:21:52.211736+00:00,Elvira Lores,complete
85,Analyze Purchase Requisition,2011-07-02 00:20:52.890894+00:00,Maris Freeman,start
85,Analyze Purchase Requisition,2011-07-02 00:26:33.324630+00:00,Maris Freeman,complete
85,Create Request for Quotation,2011-07-02 00:32:50.988729+00:00,Francis Odell,start
85,Create Request for Quotation,2011-07-02 00:34:19.017170+00:00,Francis Odell,complete
85,Analyze Request for Quotation,2011-07-02 14:05:16.516967+00:00,Francois de Perrier,start
85,Analyze Request for Quotation,2011-07-02 14:09:01.461668+00:00,Francois de Perrier,complete
85,Send Request for Quotation to Supplier,2011-07-02 21:04:08.171863+00:00,Magdalena Predutta,start
85,Send Request for Quotation to Supplier,2011-07-02 21:39:28.701035+00:00,Magdalena Predutta,complete
85,Create Quotation comparison Map,2011-07-03 05:52:00.686066+00:00,Francois de Perrier,start
85,Create Quotation comparison Map,2011-07-03 08:57:00.305387+00:00,Francois de Perrier,complete
85,Analyze Quotation Comparison Map,2011-07-03 18:18:05.478555+00:00,Christian Francois,start
85,Choose best option,2011-07-03 18:35:39.569900+00:00,Immanuel Karagianni,complete
85,Choose best option,2011-07-03 18:35:39.569900+00:00,Immanuel Karagianni,start
85,Analyze Quotation Comparison Map,2011-07-03 18:35:39.569900+00:00,Nico Ojenbeer,complete
85,Settle Conditions With Supplier,2011-07-04 23:07:23.352264+00:00,Magdalena Predutta,start
85,Settle Conditions With Supplier,2011-07-05 10:03:36.315058+00:00,Magdalena Predutta,complete
85,Create Purchase Order,2011-07-05 12:55:30.042526+00:00,Magdalena Predutta,start
85,Create Purchase Order,2011-07-05 13:03:06.856705+00:00,Magdalena Predutta,complete
85,Confirm Purchase Order,2011-07-06 23:43:57.752938+00:00,Esmeralda Clay,start
85,Confirm Purchase Order,2011-07-07 00:05:06.254977+00:00,Esmeralda Clay,complete
85,Deliver Goods Services,2011-07-07 04:25:31.280281+00:00,Sean Manney,start
85,Deliver Goods Services,2011-07-07 21:48:51.792307+00:00,Sean Manney,complete
85,Release Purchase Order,2011-07-08 03:44:14.708466+00:00,Immanuel Karagianni,start
85,Release Purchase Order,2011-07-08 03:45:14.708466+00:00,Immanuel Karagianni,complete
85,Approve Purchase Order for payment,2011-07-08 09:26:10.922028+00:00,Magdalena Predutta,start
85,Approve Purchase Order for payment,2011-07-08 09:27:10.922028+00:00,Magdalena Predutta,complete
85,Send Invoice,2011-07-11 12:39:12.654991+00:00,Carmen Finacse,start
85,Send Invoice,2011-07-11 12:39:12.654991+00:00,Carmen Finacse,complete
85,Release Supplier's Invoice,2011-07-12 05:16:12.654991+00:00,Karalda Nimwada,start
85,Release Supplier's Invoice,2011-07-12 05:20:30.102671+00:00,Karalda Nimwada,complete
85,Authorize Supplier's Invoice payment,2011-07-12 05:24:52.043195+00:00,Karalda Nimwada,start
85,Authorize Supplier's Invoice payment,2011-07-12 05:24:52.043195+00:00,Karalda Nimwada,complete
85,Pay Invoice,2011-07-12 05:51:38.622261+00:00,Karalda Nimwada,start
85,Pay Invoice,2011-07-12 05:59:00.837032+00:00,Karalda Nimwada,complete
86,Create Purchase Requisition,2011-07-01 06:01:13.713000+00:00,Immanuel Karagianni,start
86,Create Purchase Requisition,2011-07-01 08:40:33.976906+00:00,Immanuel Karagianni,complete
86,Create Request for Quotation,2011-07-01 14:07:16.776070+00:00,Alberto Duport,start
86,Create Request for Quotation,2011-07-01 14:11:34.867513+00:00,Alberto Duport,complete
86,Analyze Request for Quotation,2011-07-04 08:55:27.061004+00:00,Karel de Groot,start
86,Analyze Request for Quotation,2011-07-04 09:02:27.262107+00:00,Karel de Groot,complete
87,Create Purchase Requisition,2011-07-01 09:07:02.967407+00:00,Alberto Duport,start
87,Create Purchase Requisition,2011-07-01 09:33:33.542423+00:00,Alberto Duport,complete
87,Analyze Purchase Requisition,2011-07-02 03:01:48.384924+00:00,Francis Odell,start
87,Analyze Purchase Requisition,2011-07-02 03:10:51.268417+00:00,Francis Odell,complete
88,Create Purchase Requisition,2011-07-02 12:29:01.263110+00:00,Esmana Liubiata,start
88,Create Purchase Requisition,2011-07-02 12:45:50.291484+00:00,Esmana Liubiata,complete
88,Create Request for Quotation,2011-07-02 19:52:35.829919+00:00,Immanuel Karagianni,start
88,Create Request for Quotation,2011-07-02 19:54:41.710695+00:00,Immanuel Karagianni,complete
88,Analyze Request for Quotation,2011-07-08 01:02:11.864692+00:00,Francois de Perrier,start
88,Analyze Request for Quotation,2011-07-08 01:32:26.346965+00:00,Francois de Perrier,complete
88,Send Request for Quotation to Supplier,2011-07-09 00:00:38.794683+00:00,Karel de Groot,start
88,Send Request for Quotation to Supplier,2011-07-09 00:14:24.215587+00:00,Karel de Groot,complete
88,Create Quotation comparison Map,2011-07-09 01:46:57.087284+00:00,Karel de Groot,start
88,Create Quotation comparison Map,2011-07-09 04:44:08.808862+00:00,Karel de Groot,complete
88,Analyze Quotation Comparison Map,2011-07-09 09:37:24.118939+00:00,Anna Kaufmann,start
88,Analyze Quotation Comparison Map,2011-07-09 10:08:17.122023+00:00,Nico Ojenbeer,complete
88,Choose best option,2011-07-09 10:08:17.122023+00:00,Immanuel Karagianni,start
88,Choose best option,2011-07-09 10:08:17.122023+00:00,Immanuel Karagianni,complete
88,Settle Conditions With Supplier,2011-07-09 11:31:07.166486+00:00,Magdalena Predutta,start
88,Settle Conditions With Supplier,2011-07-09 18:13:40.514038+00:00,Magdalena Predutta,complete
88,Create Purchase Order,2011-07-09 19:52:02.526005+00:00,Magdalena Predutta,start
88,Create Purchase Order,2011-07-09 21:02:27.881004+00:00,Magdalena Predutta,complete
88,Confirm Purchase Order,2011-07-09 23:40:08.378647+00:00,Esmeralda Clay,start
88,Confirm Purchase Order,2011-07-09 23:57:32.045543+00:00,Esmeralda Clay,complete
88,Deliver Goods Services,2011-07-12 10:04:35.420038+00:00,Sean Manney,start
88,Deliver Goods Services,2011-07-14 01:22:07.874325+00:00,Sean Manney,complete
88,Release Purchase Order,2011-07-14 08:11:47.297923+00:00,Immanuel Karagianni,start
88,Release Purchase Order,2011-07-14 08:12:47.297923+00:00,Immanuel Karagianni,complete
88,Settle Dispute With Supplier,2011-07-14 15:34:40.277814+00:00,Pedro Alvares,start
88,Settle Dispute With Supplier,2011-07-14 15:54:16.101655+00:00,Pedro Alvares,complete
88,Release Purchase Order,2011-07-15 01:07:18.791402+00:00,Immanuel Karagianni,start
88,Release Purchase Order,2011-07-15 01:08:18.791402+00:00,Immanuel Karagianni,complete
88,Approve Purchase Order for payment,2011-07-15 15:39:08.186528+00:00,Magdalena Predutta,start
88,Approve Purchase Order for payment,2011-07-15 15:40:08.186528+00:00,Magdalena Predutta,complete
88,Send Invoice,2011-07-17 23:27:51.577710+00:00,Carmen Finacse,complete
88,Send Invoice,2011-07-17 23:27:51.577710+00:00,Carmen Finacse,start
88,Release Supplier's Invoice,2011-07-18 12:46:49.313105+00:00,Karalda Nimwada,start
88,Release Supplier's Invoice,2011-07-18 12:49:20.583279+00:00,Karalda Nimwada,complete
88,Authorize Supplier's Invoice payment,2011-07-18 12:49:20.583279+00:00,Karalda Nimwada,start
88,Authorize Supplier's Invoice payment,2011-07-18 12:49:20.583279+00:00,Karalda Nimwada,complete
88,Pay Invoice,2011-07-18 13:36:48.617043+00:00,Karalda Nimwada,start
88,Pay Invoice,2011-07-18 13:47:58.106921+00:00,Karalda Nimwada,complete
89,Create Purchase Requisition,2011-07-02 18:29:24.799849+00:00,Kim Passa,start
89,Create Purchase Requisition,2011-07-02 20:41:19.227441+00:00,Kim Passa,complete
89,Analyze Purchase Requisition,2011-07-03 10:38:27.216577+00:00,Maris Freeman,start
89,Analyze Purchase Requisition,2011-07-03 10:44:39.404304+00:00,Maris Freeman,complete
89,Create Request for Quotation,2011-07-03 10:49:54.829032+00:00,Heinz Gutschmidt,start
89,Create Request for Quotation,2011-07-03 13:04:35.132492+00:00,Heinz Gutschmidt,complete
89,Analyze Request for Quotation,2011-07-05 07:32:42.990292+00:00,Francois de Perrier,start
89,Analyze Request for Quotation,2011-07-05 07:51:55.797732+00:00,Francois de Perrier,complete
90,Create Purchase Requisition,2011-07-03 19:38:30.935163+00:00,Elvira Lores,start
90,Create Purchase Requisition,2011-07-03 20:18:14.720580+00:00,Elvira Lores,complete
90,Create Request for Quotation,2011-07-03 23:47:53.985062+00:00,Esmana Liubiata,start
90,Create Request for Quotation,2011-07-04 00:00:25.533555+00:00,Esmana Liubiata,complete
90,Analyze Request for Quotation,2011-07-05 17:55:09.682712+00:00,Karel de Groot,start
90,Analyze Request for Quotation,2011-07-05 18:19:13.062538+00:00,Karel de Groot,complete
90,Amend Request for Quotation,2011-07-05 18:27:54.167678+00:00,Maris Freeman,start
90,Amend Request for Quotation,2011-07-05 18:35:08.188179+00:00,Maris Freeman,complete
90,Analyze Request for Quotation,2011-07-06 16:29:53.328405+00:00,Karel de Groot,start
90,Analyze Request for Quotation,2011-07-06 16:51:50.726647+00:00,Karel de Groot,complete
90,Send Request for Quotation to Supplier,2011-07-06 16:51:50.726647+00:00,Magdalena Predutta,start
90,Send Request for Quotation to Supplier,2011-07-06 17:20:31.172386+00:00,Magdalena Predutta,complete
90,Create Quotation comparison Map,2011-07-06 17:56:47.671358+00:00,Magdalena Predutta,start
90,Create Quotation comparison Map,2011-07-06 21:35:48.089726+00:00,Magdalena Predutta,complete
90,Analyze Quotation Comparison Map,2011-07-07 05:09:02.906629+00:00,Anna Kaufmann,start
90,Choose best option,2011-07-07 06:18:20.563878+00:00,Immanuel Karagianni,complete
90,Choose best option,2011-07-07 06:18:20.563878+00:00,Immanuel Karagianni,start
90,Analyze Quotation Comparison Map,2011-07-07 06:18:20.563878+00:00,Anna Kaufmann,complete
90,Settle Conditions With Supplier,2011-07-07 10:58:45.250939+00:00,Magdalena Predutta,start
90,Settle Conditions With Supplier,2011-07-07 22:30:52.890948+00:00,Magdalena Predutta,complete
90,Create Purchase Order,2011-07-08 05:43:37.646316+00:00,Magdalena Predutta,start
90,Create Purchase Order,2011-07-08 05:53:29.308360+00:00,Magdalena Predutta,complete
90,Confirm Purchase Order,2011-07-08 17:36:52.385686+00:00,Carmen Finacse,start
90,Confirm Purchase Order,2011-07-08 18:12:19.311470+00:00,Carmen Finacse,complete
90,Deliver Goods Services,2011-07-09 16:50:33.518231+00:00,Karen Clarens,start
90,Deliver Goods Services,2011-07-12 04:39:33.518231+00:00,Karen Clarens,complete
90,Release Purchase Order,2011-07-12 06:22:27.566021+00:00,Tesca Lobes,start
90,Release Purchase Order,2011-07-12 06:23:27.566021+00:00,Tesca Lobes,complete
90,Approve Purchase Order for payment,2011-07-13 00:53:37.834052+00:00,Francois de Perrier,start
90,Approve Purchase Order for payment,2011-07-13 00:54:37.834052+00:00,Francois de Perrier,complete
90,Send Invoice,2011-07-16 13:15:25.926524+00:00,Karen Clarens,start
90,Send Invoice,2011-07-16 13:15:25.926524+00:00,Karen Clarens,complete
90,Release Supplier's Invoice,2011-07-17 04:08:55.924041+00:00,Pedro Alvares,start
90,Authorize Supplier's Invoice payment,2011-07-17 04:14:01.868554+00:00,Karalda Nimwada,start
90,Authorize Supplier's Invoice payment,2011-07-17 04:14:01.868554+00:00,Karalda Nimwada,complete
90,Release Supplier's Invoice,2011-07-17 04:14:01.868554+00:00,Karalda Nimwada,complete
90,Pay Invoice,2011-07-17 04:46:15.593206+00:00,Karalda Nimwada,start
90,Pay Invoice,2011-07-17 04:59:07.914877+00:00,Karalda Nimwada,complete
91,Create Purchase Requisition,2011-07-04 01:07:51.162081+00:00,Kim Passa,start
91,Create Purchase Requisition,2011-07-04 02:47:33.487831+00:00,Kim Passa,complete
91,Create Request for Quotation,2011-07-04 07:32:30.906025+00:00,Alberto Duport,start
91,Create Request for Quotation,2011-07-04 07:34:41.604726+00:00,Alberto Duport,complete
91,Analyze Request for Quotation,2011-07-05 11:02:43.035974+00:00,Magdalena Predutta,start
91,Analyze Request for Quotation,2011-07-05 11:32:16.469151+00:00,Magdalena Predutta,complete
91,Amend Request for Quotation,2011-07-05 14:49:57.922684+00:00,Fjodor Kowalski,start
91,Amend Request for Quotation,2011-07-05 15:04:59.872290+00:00,Fjodor Kowalski,complete
91,Analyze Request for Quotation,2011-07-06 19:46:33.986127+00:00,Magdalena Predutta,start
91,Analyze Request for Quotation,2011-07-06 20:13:40.932225+00:00,Magdalena Predutta,complete
91,Amend Request for Quotation,2011-07-06 21:31:50.179486+00:00,Maris Freeman,start
91,Amend Request for Quotation,2011-07-06 21:48:03.244588+00:00,Maris Freeman,complete
91,Analyze Request for Quotation,2011-07-09 23:23:54.615286+00:00,Karel de Groot,start
91,Analyze Request for Quotation,2011-07-09 23:51:02.202109+00:00,Karel de Groot,complete
91,Amend Request for Quotation,2011-07-10 02:53:58.298803+00:00,Maris Freeman,start
91,Amend Request for Quotation,2011-07-10 03:03:34.747542+00:00,Maris Freeman,complete
91,Analyze Request for Quotation,2011-07-10 18:10:46.278520+00:00,Karel de Groot,start
91,Analyze Request for Quotation,2011-07-10 18:36:23.389758+00:00,Karel de Groot,complete
91,Send Request for Quotation to Supplier,2011-07-12 23:35:13.766564+00:00,Magdalena Predutta,start
91,Send Request for Quotation to Supplier,2011-07-13 00:23:39.774407+00:00,Magdalena Predutta,complete
91,Create Quotation comparison Map,2011-07-15 09:45:39.774407+00:00,Magdalena Predutta,start
91,Create Quotation comparison Map,2011-07-15 14:27:29.625550+00:00,Magdalena Predutta,complete
91,Analyze Quotation Comparison Map,2011-07-15 18:51:05.445463+00:00,Nico Ojenbeer,start
91,Choose best option,2011-07-15 19:07:55.121409+00:00,Immanuel Karagianni,start
91,Choose best option,2011-07-15 19:07:55.121409+00:00,Immanuel Karagianni,complete
91,Analyze Quotation Comparison Map,2011-07-15 19:07:55.121409+00:00,Nico Ojenbeer,complete
91,Settle Conditions With Supplier,2011-07-15 21:10:39.998872+00:00,Magdalena Predutta,start
91,Settle Conditions With Supplier,2011-07-16 01:21:25.850040+00:00,Magdalena Predutta,complete
91,Create Purchase Order,2011-07-16 11:12:29.913063+00:00,Magdalena Predutta,start
91,Create Purchase Order,2011-07-16 11:19:38.209123+00:00,Magdalena Predutta,complete
91,Confirm Purchase Order,2011-07-17 20:37:54.950587+00:00,Esmeralda Clay,start
91,Confirm Purchase Order,2011-07-17 21:00:11.914118+00:00,Esmeralda Clay,complete
91,Deliver Goods Services,2011-07-20 08:16:06.678083+00:00,Sean Manney,start
91,Deliver Goods Services,2011-07-21 07:51:45.864509+00:00,Sean Manney,complete
91,Release Purchase Order,2011-07-21 20:08:57.522435+00:00,Immanuel Karagianni,start
91,Release Purchase Order,2011-07-21 20:09:57.522435+00:00,Immanuel Karagianni,complete
91,Approve Purchase Order for payment,2011-07-23 03:11:27.775118+00:00,Magdalena Predutta,start
91,Approve Purchase Order for payment,2011-07-23 03:12:27.775118+00:00,Magdalena Predutta,complete
91,Send Invoice,2011-07-23 21:45:25.841730+00:00,Carmen Finacse,complete
91,Send Invoice,2011-07-23 21:45:25.841730+00:00,Carmen Finacse,start
91,Release Supplier's Invoice,2011-07-24 09:15:50.869193+00:00,Karalda Nimwada,start
91,Authorize Supplier's Invoice payment,2011-07-24 09:18:28.181535+00:00,Karalda Nimwada,complete
91,Release Supplier's Invoice,2011-07-24 09:18:28.181535+00:00,Karalda Nimwada,complete
91,Authorize Supplier's Invoice payment,2011-07-24 09:22:26.509846+00:00,Karalda Nimwada,start
91,Pay Invoice,2011-07-24 10:13:43.100173+00:00,Karalda Nimwada,start
91,Pay Invoice,2011-07-24 10:23:37.097964+00:00,Karalda Nimwada,complete
92,Create Purchase Requisition,2011-07-04 02:01:37.406676+00:00,Kim Passa,start
92,Create Purchase Requisition,2011-07-04 02:10:04.077280+00:00,Kim Passa,complete
92,Analyze Purchase Requisition,2011-07-05 03:33:33.099329+00:00,Maris Freeman,start
92,Analyze Purchase Requisition,2011-07-05 03:39:20.928096+00:00,Maris Freeman,complete
92,Create Request for Quotation,2011-07-05 03:43:46.620671+00:00,Maris Freeman,start
92,Create Request for Quotation,2011-07-05 03:53:51.066531+00:00,Maris Freeman,complete
92,Analyze Request for Quotation,2011-07-16 07:24:36.335373+00:00,Francois de Perrier,start
92,Analyze Request for Quotation,2011-07-16 07:49:31.731577+00:00,Francois de Perrier,complete
92,Amend Request for Quotation,2011-07-16 09:44:47.841550+00:00,Tesca Lobes,start
92,Amend Request for Quotation,2011-07-16 09:53:42.802799+00:00,Tesca Lobes,complete
92,Analyze Request for Quotation,2011-07-17 04:26:49.570569+00:00,Francois de Perrier,start
92,Analyze Request for Quotation,2011-07-17 04:39:04.792814+00:00,Francois de Perrier,complete
92,Send Request for Quotation to Supplier,2011-07-18 00:46:06.620918+00:00,Magdalena Predutta,start
92,Send Request for Quotation to Supplier,2011-07-18 01:11:54.033192+00:00,Magdalena Predutta,complete
92,Create Quotation comparison Map,2011-07-18 01:41:00.807998+00:00,Magdalena Predutta,start
92,Create Quotation comparison Map,2011-07-18 03:22:09.943949+00:00,Magdalena Predutta,complete
92,Analyze Quotation Comparison Map,2011-07-18 08:37:24.764684+00:00,Nico Ojenbeer,start
92,Choose best option,2011-07-18 08:47:38.907032+00:00,Immanuel Karagianni,complete
92,Choose best option,2011-07-18 08:47:38.907032+00:00,Immanuel Karagianni,start
92,Analyze Quotation Comparison Map,2011-07-18 08:47:38.907032+00:00,Nico Ojenbeer,complete
92,Settle Conditions With Supplier,2011-07-18 17:15:11.480475+00:00,Magdalena Predutta,start
92,Settle Conditions With Supplier,2011-07-18 23:05:01.457538+00:00,Magdalena Predutta,complete
92,Create Purchase Order,2011-07-19 02:43:21.646747+00:00,Magdalena Predutta,start
92,Create Purchase Order,2011-07-19 02:53:01.626399+00:00,Magdalena Predutta,complete
92,Confirm Purchase Order,2011-07-19 16:07:04.492053+00:00,Esmeralda Clay,start
92,Confirm Purchase Order,2011-07-19 16:23:18.875679+00:00,Esmeralda Clay,complete
92,Deliver Goods Services,2011-07-27 16:48:06.875018+00:00,Sean Manney,start
92,Deliver Goods Services,2011-07-28 19:31:46.554196+00:00,Sean Manney,complete
92,Release Purchase Order,2011-07-28 23:46:11.302864+00:00,Immanuel Karagianni,start
92,Release Purchase Order,2011-07-28 23:47:11.302864+00:00,Immanuel Karagianni,complete
92,Approve Purchase Order for payment,2011-07-29 08:56:51.495540+00:00,Magdalena Predutta,start
92,Approve Purchase Order for payment,2011-07-29 08:57:51.495540+00:00,Magdalena Predutta,complete
92,Send Invoice,2011-07-30 08:42:30.364789+00:00,Carmen Finacse,start
92,Send Invoice,2011-07-30 08:42:30.364789+00:00,Carmen Finacse,complete
92,Release Supplier's Invoice,2011-07-31 00:12:18.270052+00:00,Karalda Nimwada,start
92,Release Supplier's Invoice,2011-07-31 00:17:34.129495+00:00,Karalda Nimwada,complete
92,Settle Dispute With Supplier,2011-07-31 00:49:09.081265+00:00,Pedro Alvares,start
92,Authorize Supplier's Invoice payment,2011-07-31 01:17:58.594774+00:00,Karalda Nimwada,complete
92,Authorize Supplier's Invoice payment,2011-07-31 01:17:58.594774+00:00,Karalda Nimwada,start
92,Settle Dispute With Supplier,2011-07-31 01:17:58.594774+00:00,Pedro Alvares,complete
92,Pay Invoice,2011-07-31 02:04:02.986078+00:00,Karalda Nimwada,start
92,Pay Invoice,2011-07-31 02:09:27.536446+00:00,Karalda Nimwada,complete
93,Create Purchase Requisition,2011-07-08 12:52:03.881447+00:00,Elvira Lores,start
93,Create Purchase Requisition,2011-07-08 15:45:24.221681+00:00,Elvira Lores,complete
93,Create Request for Quotation,2011-07-08 17:36:04.291518+00:00,Esmana Liubiata,start
93,Create Request for Quotation,2011-07-08 17:37:17.489384+00:00,Esmana Liubiata,complete
93,Analyze Request for Quotation,2011-07-08 22:38:16.161107+00:00,Magdalena Predutta,start
93,Analyze Request for Quotation,2011-07-08 23:07:08.667045+00:00,Magdalena Predutta,complete
93,Amend Request for Quotation,2011-07-09 00:19:00.272692+00:00,Maris Freeman,start
93,Amend Request for Quotation,2011-07-09 00:31:23.748765+00:00,Maris Freeman,complete
93,Analyze Request for Quotation,2011-07-09 10:12:11.315196+00:00,Karel de Groot,start
93,Analyze Request for Quotation,2011-07-09 10:24:40.393736+00:00,Karel de Groot,complete
94,Create Purchase Requisition,2011-07-08 17:55:15.547738+00:00,Elvira Lores,start
94,Create Purchase Requisition,2011-07-08 18:05:06.106774+00:00,Elvira Lores,complete
94,Create Request for Quotation,2011-07-08 23:10:18.937796+00:00,Nico Ojenbeer,start
94,Create Request for Quotation,2011-07-08 23:13:04.006712+00:00,Nico Ojenbeer,complete
94,Analyze Request for Quotation,2011-07-16 22:22:11.199558+00:00,Magdalena Predutta,start
94,Analyze Request for Quotation,2011-07-16 22:51:13.506245+00:00,Magdalena Predutta,complete
95,Create Purchase Requisition,2011-07-10 07:51:31.245119+00:00,Anna Kaufmann,start
95,Create Purchase Requisition,2011-07-10 08:05:36.955285+00:00,Anna Kaufmann,complete
95,Create Request for Quotation,2011-07-10 11:33:34.675050+00:00,Tesca Lobes,start
95,Create Request for Quotation,2011-07-10 11:35:27.661927+00:00,Tesca Lobes,complete
95,Analyze Request for Quotation,2011-07-10 11:46:12.671345+00:00,Magdalena Predutta,start
95,Analyze Request for Quotation,2011-07-10 12:06:50.422127+00:00,Magdalena Predutta,complete
95,Send Request for Quotation to Supplier,2011-07-10 22:29:34.654358+00:00,Magdalena Predutta,start
95,Send Request for Quotation to Supplier,2011-07-10 22:47:37.837592+00:00,Magdalena Predutta,complete
95,Create Quotation comparison Map,2011-07-11 03:03:22.023300+00:00,Magdalena Predutta,start
95,Create Quotation comparison Map,2011-07-11 03:52:23.712907+00:00,Magdalena Predutta,complete
95,Analyze Quotation Comparison Map,2011-07-11 07:56:58.117141+00:00,Nico Ojenbeer,start
95,Choose best option,2011-07-11 08:21:01.928430+00:00,Immanuel Karagianni,start
95,Analyze Quotation Comparison Map,2011-07-11 08:21:01.928430+00:00,Nico Ojenbeer,complete
95,Choose best option,2011-07-11 08:21:01.928430+00:00,Immanuel Karagianni,complete
95,Settle Conditions With Supplier,2011-07-11 11:49:02.909380+00:00,Magdalena Predutta,start
95,Settle Conditions With Supplier,2011-07-12 00:30:03.578364+00:00,Magdalena Predutta,complete
95,Create Purchase Order,2011-07-12 03:40:20.452061+00:00,Magdalena Predutta,start
95,Create Purchase Order,2011-07-12 03:48:38.783571+00:00,Magdalena Predutta,complete
95,Confirm Purchase Order,2011-07-12 11:43:43.784046+00:00,Esmeralda Clay,start
95,Confirm Purchase Order,2011-07-12 11:43:47.666833+00:00,Esmeralda Clay,complete
95,Deliver Goods Services,2011-07-13 00:41:27.663925+00:00,Sean Manney,start
95,Deliver Goods Services,2011-07-15 00:21:24.895442+00:00,Sean Manney,complete
95,Release Purchase Order,2011-07-15 01:57:01.174489+00:00,Immanuel Karagianni,start
95,Release Purchase Order,2011-07-15 01:58:01.174489+00:00,Immanuel Karagianni,complete
95,Approve Purchase Order for payment,2011-07-15 20:44:17.577280+00:00,Magdalena Predutta,start
95,Approve Purchase Order for payment,2011-07-15 20:45:17.577280+00:00,Magdalena Predutta,complete
95,Send Invoice,2011-07-17 17:11:50.197341+00:00,Carmen Finacse,start
95,Send Invoice,2011-07-17 17:11:50.197341+00:00,Carmen Finacse,complete
95,Release Supplier's Invoice,2011-07-18 06:41:43.553285+00:00,Karalda Nimwada,start
95,Authorize Supplier's Invoice payment,2011-07-18 06:48:23.101033+00:00,Karalda Nimwada,start
95,Authorize Supplier's Invoice payment,2011-07-18 06:48:23.101033+00:00,Karalda Nimwada,complete
95,Release Supplier's Invoice,2011-07-18 06:48:23.101033+00:00,Karalda Nimwada,complete
95,Pay Invoice,2011-07-18 07:30:39.410667+00:00,Karalda Nimwada,start
95,Pay Invoice,2011-07-18 07:43:34.534113+00:00,Karalda Nimwada,complete
96,Create Purchase Requisition,2011-07-10 09:04:20.357190+00:00,Miu Hanwan,start
96,Create Purchase Requisition,2011-07-10 10:22:18.619326+00:00,Miu Hanwan,complete
96,Analyze Purchase Requisition,2011-07-11 06:00:00.386361+00:00,Francis Odell,start
96,Analyze Purchase Requisition,2011-07-11 07:08:24.666998+00:00,Francis Odell,complete
96,Amend Purchase Requisition,2011-07-11 19:13:26.997110+00:00,Miu Hanwan,start
96,Amend Purchase Requisition,2011-07-11 19:45:26.997110+00:00,Miu Hanwan,complete
96,Analyze Purchase Requisition,2011-07-12 13:02:02.253003+00:00,Maris Freeman,start
96,Analyze Purchase Requisition,2011-07-12 13:07:08.317323+00:00,Maris Freeman,complete
96,Create Request for Quotation,2011-07-12 15:05:59.817827+00:00,Penn Osterwalder,start
96,Create Request for Quotation,2011-07-12 15:07:00.021330+00:00,Maris Freeman,complete
96,Analyze Request for Quotation,2011-07-13 00:11:10.995521+00:00,Karel de Groot,start
96,Analyze Request for Quotation,2011-07-13 00:42:51.157897+00:00,Karel de Groot,complete
96,Amend Request for Quotation,2011-07-13 04:29:31.989788+00:00,Maris Freeman,start
96,Amend Request for Quotation,2011-07-13 04:40:38.645377+00:00,Maris Freeman,complete
96,Analyze Request for Quotation,2011-07-16 12:14:58.306354+00:00,Karel de Groot,start
96,Analyze Request for Quotation,2011-07-16 12:37:52.781995+00:00,Karel de Groot,complete
97,Create Purchase Requisition,2011-07-10 11:54:36.450586+00:00,Esmana Liubiata,start
97,Create Purchase Requisition,2011-07-10 12:36:28.206203+00:00,Esmana Liubiata,complete
97,Analyze Purchase Requisition,2011-07-10 22:29:42.570475+00:00,Heinz Gutschmidt,start
97,Analyze Purchase Requisition,2011-07-10 22:36:25.567545+00:00,Heinz Gutschmidt,complete
98,Create Purchase Requisition,2011-07-11 18:35:40.564976+00:00,Clement Duchot,start
98,Create Purchase Requisition,2011-07-11 18:56:23.293344+00:00,Clement Duchot,complete
98,Create Request for Quotation,2011-07-11 22:00:39.145002+00:00,Nico Ojenbeer,start
98,Create Request for Quotation,2011-07-11 22:07:33.749300+00:00,Nico Ojenbeer,complete
98,Analyze Request for Quotation,2011-07-17 12:27:24.173696+00:00,Karel de Groot,start
98,Analyze Request for Quotation,2011-07-17 12:34:03.129643+00:00,Karel de Groot,complete
98,Amend Request for Quotation,2011-07-17 12:35:47.845809+00:00,Maris Freeman,start
98,Amend Request for Quotation,2011-07-17 13:02:47.845809+00:00,Maris Freeman,complete
98,Analyze Request for Quotation,2011-07-18 01:37:03.248433+00:00,Karel de Groot,start
98,Analyze Request for Quotation,2011-07-18 02:07:34.382323+00:00,Karel de Groot,complete
98,Send Request for Quotation to Supplier,2011-07-19 06:47:22.798251+00:00,Magdalena Predutta,start
98,Send Request for Quotation to Supplier,2011-07-19 07:02:01.048660+00:00,Magdalena Predutta,complete
98,Create Quotation comparison Map,2011-07-19 07:20:12.348883+00:00,Magdalena Predutta,start
98,Create Quotation comparison Map,2011-07-19 09:49:54.573178+00:00,Magdalena Predutta,complete
98,Analyze Quotation Comparison Map,2011-07-19 20:02:54.573178+00:00,Nico Ojenbeer,start
98,Choose best option,2011-07-19 20:34:56.664548+00:00,Immanuel Karagianni,start
98,Choose best option,2011-07-19 20:34:56.664548+00:00,Immanuel Karagianni,complete
98,Analyze Quotation Comparison Map,2011-07-19 20:34:56.664548+00:00,Nico Ojenbeer,complete
98,Settle Conditions With Supplier,2011-07-19 23:44:50.877353+00:00,Magdalena Predutta,start
98,Settle Conditions With Supplier,2011-07-20 11:15:46.582415+00:00,Magdalena Predutta,complete
98,Create Purchase Order,2011-07-20 23:59:33.433885+00:00,Magdalena Predutta,start
98,Create Purchase Order,2011-07-21 00:08:32.403673+00:00,Magdalena Predutta,complete
98,Confirm Purchase Order,2011-07-21 14:34:13.925120+00:00,Esmeralda Clay,start
98,Confirm Purchase Order,2011-07-21 17:27:42.180781+00:00,Esmeralda Clay,complete
98,Deliver Goods Services,2011-07-22 19:21:03.520370+00:00,Sean Manney,start
98,Deliver Goods Services,2011-07-23 12:46:57.915034+00:00,Sean Manney,complete
98,Release Purchase Order,2011-07-23 23:39:36.882450+00:00,Immanuel Karagianni,start
98,Release Purchase Order,2011-07-23 23:40:36.882450+00:00,Immanuel Karagianni,complete
98,Approve Purchase Order for payment,2011-07-24 13:23:26.064291+00:00,Magdalena Predutta,start
98,Approve Purchase Order for payment,2011-07-24 13:24:26.064291+00:00,Magdalena Predutta,complete
98,Send Invoice,2011-07-27 17:00:04.944189+00:00,Carmen Finacse,complete
98,Send Invoice,2011-07-27 17:00:04.944189+00:00,Carmen Finacse,start
98,Release Supplier's Invoice,2011-07-28 10:31:04.944189+00:00,Karalda Nimwada,start
98,Authorize Supplier's Invoice payment,2011-07-28 10:33:26.625285+00:00,Karalda Nimwada,complete
98,Release Supplier's Invoice,2011-07-28 10:33:26.625285+00:00,Karalda Nimwada,complete
98,Authorize Supplier's Invoice payment,2011-07-28 10:39:23.092470+00:00,Karalda Nimwada,start
98,Pay Invoice,2011-07-28 11:02:24.839089+00:00,Karalda Nimwada,start
98,Pay Invoice,2011-07-28 11:10:44.386994+00:00,Karalda Nimwada,complete
99,Create Purchase Requisition,2011-07-12 03:22:51.974330+00:00,Fjodor Kowalski,start
99,Create Purchase Requisition,2011-07-12 03:46:09.362944+00:00,Fjodor Kowalski,complete
99,Analyze Purchase Requisition,2011-07-12 20:18:24.743460+00:00,Francis Odell,start
99,Analyze Purchase Requisition,2011-07-12 20:29:57.148410+00:00,Francis Odell,complete
99,Create Request for Quotation,2011-07-12 20:34:30.327653+00:00,Francis Odell,start
99,Create Request for Quotation,2011-07-12 20:36:26.305438+00:00,Francis Odell,complete
99,Analyze Request for Quotation,2011-07-14 15:16:11.182164+00:00,Francois de Perrier,start
99,Analyze Request for Quotation,2011-07-14 15:34:17.737313+00:00,Francois de Perrier,complete
99,Send Request for Quotation to Supplier,2011-07-15 23:44:08.921644+00:00,Magdalena Predutta,start
99,Send Request for Quotation to Supplier,2011-07-16 00:24:51.621754+00:00,Magdalena Predutta,complete
99,Create Quotation comparison Map,2011-07-16 04:56:59.756216+00:00,Francois de Perrier,start
99,Create Quotation comparison Map,2011-07-16 08:52:00.174816+00:00,Francois de Perrier,complete
99,Analyze Quotation Comparison Map,2011-07-16 13:04:45.423804+00:00,Nico Ojenbeer,start
99,Choose best option,2011-07-16 13:18:54.993415+00:00,Anne Olwada,start
99,Choose best option,2011-07-16 13:18:54.993415+00:00,Immanuel Karagianni,complete
99,Analyze Quotation Comparison Map,2011-07-16 13:18:54.993415+00:00,Nico Ojenbeer,complete
99,Settle Conditions With Supplier,2011-07-16 17:41:50.983010+00:00,Magdalena Predutta,start
99,Settle Conditions With Supplier,2011-07-16 22:44:31.349152+00:00,Magdalena Predutta,complete
99,Create Purchase Order,2011-07-17 14:38:08.013878+00:00,Magdalena Predutta,start
99,Create Purchase Order,2011-07-17 14:48:42.336278+00:00,Magdalena Predutta,complete
99,Confirm Purchase Order,2011-07-18 07:44:18.312751+00:00,Esmeralda Clay,start
99,Confirm Purchase Order,2011-07-18 08:08:03.656883+00:00,Esmeralda Clay,complete
99,Deliver Goods Services,2011-07-24 10:30:17.731349+00:00,Sean Manney,start
99,Deliver Goods Services,2011-07-25 09:46:03.875567+00:00,Sean Manney,complete
99,Release Purchase Order,2011-07-25 14:04:38.294617+00:00,Immanuel Karagianni,start
99,Release Purchase Order,2011-07-25 14:05:38.294617+00:00,Immanuel Karagianni,complete
99,Approve Purchase Order for payment,2011-07-26 19:32:30.812046+00:00,Magdalena Predutta,start
99,Approve Purchase Order for payment,2011-07-26 19:33:30.812046+00:00,Magdalena Predutta,complete
99,Send Invoice,2011-07-28 06:51:21.185422+00:00,Carmen Finacse,complete
99,Send Invoice,2011-07-28 06:51:21.185422+00:00,Carmen Finacse,start
99,Release Supplier's Invoice,2011-07-28 22:18:11.375472+00:00,Karalda Nimwada,start
99,Release Supplier's Invoice,2011-07-28 22:20:22.070161+00:00,Karalda Nimwada,complete
99,Authorize Supplier's Invoice payment,2011-07-28 22:21:53.217968+00:00,Karalda Nimwada,complete
99,Authorize Supplier's Invoice payment,2011-07-28 22:21:53.217968+00:00,Karalda Nimwada,start
99,Pay Invoice,2011-07-28 22:40:57.085918+00:00,Karalda Nimwada,start
99,Pay Invoice,2011-07-28 22:45:44.776759+00:00,Karalda Nimwada,complete
100,Create Purchase Requisition,2011-07-12 05:37:36.184743+00:00,Anne Olwada,start
100,Create Purchase Requisition,2011-07-12 06:00:54.232092+00:00,Anne Olwada,complete
100,Create Request for Quotation,2011-07-12 10:25:25.981333+00:00,Christian Francois,start
100,Create Request for Quotation,2011-07-12 10:32:25.674499+00:00,Christian Francois,complete
100,Analyze Request for Quotation,2011-07-13 04:59:09.749002+00:00,Magdalena Predutta,start
100,Analyze Request for Quotation,2011-07-13 05:14:09.849631+00:00,Magdalena Predutta,complete
100,Amend Request for Quotation,2011-07-13 06:04:38.194477+00:00,Maris Freeman,start
100,Amend Request for Quotation,2011-07-13 06:27:41.628059+00:00,Maris Freeman,complete
100,Analyze Request for Quotation,2011-07-13 10:57:15.510015+00:00,Karel de Groot,start
100,Analyze Request for Quotation,2011-07-13 11:15:24.206572+00:00,Karel de Groot,complete
100,Amend Request for Quotation,2011-07-13 12:32:22.775178+00:00,Maris Freeman,start
100,Amend Request for Quotation,2011-07-13 12:46:20.318995+00:00,Maris Freeman,complete
100,Analyze Request for Quotation,2011-07-13 14:47:13.573715+00:00,Karel de Groot,start
100,Analyze Request for Quotation,2011-07-13 15:20:09.315206+00:00,Karel de Groot,complete
100,Send Request for Quotation to Supplier,2011-07-13 21:54:07.697919+00:00,Magdalena Predutta,start
100,Send Request for Quotation to Supplier,2011-07-13 22:10:54.741516+00:00,Magdalena Predutta,complete
100,Create Quotation comparison Map,2011-07-13 22:53:13.220921+00:00,Magdalena Predutta,start
100,Create Quotation comparison Map,2011-07-14 04:28:02.067484+00:00,Magdalena Predutta,complete
100,Analyze Quotation Comparison Map,2011-07-14 13:02:09.208735+00:00,Nico Ojenbeer,start
100,Choose best option,2011-07-14 14:22:15.183974+00:00,Immanuel Karagianni,complete
100,Choose best option,2011-07-14 14:22:15.183974+00:00,Immanuel Karagianni,start
100,Analyze Quotation Comparison Map,2011-07-14 14:22:15.183974+00:00,Nico Ojenbeer,complete
100,Settle Conditions With Supplier,2011-07-14 17:15:19.173104+00:00,Magdalena Predutta,start
100,Settle Conditions With Supplier,2011-07-14 22:25:28.517251+00:00,Magdalena Predutta,complete
100,Create Purchase Order,2011-07-15 16:06:57.787173+00:00,Magdalena Predutta,start
100,Create Purchase Order,2011-07-15 16:19:28.508731+00:00,Magdalena Predutta,complete
100,Confirm Purchase Order,2011-07-16 11:33:20.141300+00:00,Esmeralda Clay,start
100,Confirm Purchase Order,2011-07-16 11:56:00.087248+00:00,Esmeralda Clay,complete
100,Deliver Goods Services,2011-07-16 18:32:31.029649+00:00,Sean Manney,start
100,Deliver Goods Services,2011-07-18 03:08:39.416908+00:00,Sean Manney,complete
100,Release Purchase Order,2011-07-18 09:04:36.422975+00:00,Immanuel Karagianni,start
100,Release Purchase Order,2011-07-18 09:05:36.422975+00:00,Immanuel Karagianni,complete
100,Approve Purchase Order for payment,2011-07-18 14:28:55.617375+00:00,Magdalena Predutta,start
100,Approve Purchase Order for payment,2011-07-18 14:29:55.617375+00:00,Magdalena Predutta,complete
100,Send Invoice,2011-07-19 02:03:10.311423+00:00,Carmen Finacse,complete
100,Send Invoice,2011-07-19 02:03:10.311423+00:00,Carmen Finacse,start
100,Release Supplier's Invoice,2011-07-19 17:12:27.410062+00:00,Karalda Nimwada,start
100,Authorize Supplier's Invoice payment,2011-07-19 17:15:16.619147+00:00,Karalda Nimwada,complete
100,Release Supplier's Invoice,2011-07-19 17:15:16.619147+00:00,Karalda Nimwada,complete
100,Authorize Supplier's Invoice payment,2011-07-19 17:22:41.772986+00:00,Karalda Nimwada,start
100,Pay Invoice,2011-07-19 18:03:19.143193+00:00,Karalda Nimwada,start
100,Pay Invoice,2011-07-19 18:14:39.585439+00:00,Karalda Nimwada,complete
101,Create Purchase Requisition,2011-07-12 12:45:47.895201+00:00,Penn Osterwalder,start
101,Create Purchase Requisition,2011-07-12 15:39:05.334014+00:00,Penn Osterwalder,complete
101,Analyze Purchase Requisition,2011-07-13 11:55:49.610709+00:00,Maris Freeman,start
101,Analyze Purchase Requisition,2011-07-13 12:00:05.573573+00:00,Maris Freeman,complete
101,Create Request for Quotation,2011-07-13 12:07:59.824432+00:00,Maris Freeman,start
101,Create Request for Quotation,2011-07-13 12:10:20.779425+00:00,Maris Freeman,complete
101,Analyze Request for Quotation,2011-07-13 22:46:54.900896+00:00,Karel de Groot,start
101,Analyze Request for Quotation,2011-07-13 23:20:02.017483+00:00,Karel de Groot,complete
101,Amend Request for Quotation,2011-07-14 00:05:37.843597+00:00,Alberto Duport,start
101,Amend Request for Quotation,2011-07-14 00:20:01.790735+00:00,Alberto Duport,complete
101,Analyze Request for Quotation,2011-07-19 13:01:47.359461+00:00,Francois de Perrier,start
101,Analyze Request for Quotation,2011-07-19 13:28:53.014694+00:00,Francois de Perrier,complete
101,Amend Request for Quotation,2011-07-19 16:48:05.042982+00:00,Maris Freeman,start
101,Amend Request for Quotation,2011-07-19 16:54:30.594536+00:00,Maris Freeman,complete
101,Analyze Request for Quotation,2011-07-20 08:30:26.265707+00:00,Karel de Groot,start
101,Analyze Request for Quotation,2011-07-20 08:47:04.158547+00:00,Karel de Groot,complete
101,Amend Request for Quotation,2011-07-20 11:37:42.292645+00:00,Maris Freeman,start
101,Amend Request for Quotation,2011-07-20 11:46:06.632193+00:00,Maris Freeman,complete
101,Analyze Request for Quotation,2011-07-21 14:31:20.789692+00:00,Karel de Groot,start
101,Analyze Request for Quotation,2011-07-21 14:53:12.328394+00:00,Karel de Groot,complete
101,Amend Request for Quotation,2011-07-21 18:36:54.024721+00:00,Maris Freeman,start
101,Amend Request for Quotation,2011-07-21 18:52:34.206414+00:00,Maris Freeman,complete
101,Analyze Request for Quotation,2011-07-21 22:58:06.875838+00:00,Karel de Groot,start
101,Analyze Request for Quotation,2011-07-21 23:19:16.406490+00:00,Karel de Groot,complete
101,Send Request for Quotation to Supplier,2011-07-22 12:33:55.452162+00:00,Magdalena Predutta,start
101,Send Request for Quotation to Supplier,2011-07-22 12:47:50.875158+00:00,Magdalena Predutta,complete
101,Create Quotation comparison Map,2011-07-22 22:26:46.084516+00:00,Magdalena Predutta,start
101,Create Quotation comparison Map,2011-07-22 23:23:16.382913+00:00,Magdalena Predutta,complete
101,Analyze Quotation Comparison Map,2011-07-23 05:19:41.265877+00:00,Nico Ojenbeer,start
101,Choose best option,2011-07-23 05:49:33.981219+00:00,Immanuel Karagianni,complete
101,Analyze Quotation Comparison Map,2011-07-23 05:49:33.981219+00:00,Nico Ojenbeer,complete
101,Choose best option,2011-07-23 05:49:33.981219+00:00,Immanuel Karagianni,start
101,Settle Conditions With Supplier,2011-07-24 08:29:40.728276+00:00,Magdalena Predutta,start
101,Settle Conditions With Supplier,2011-07-24 21:51:29.687056+00:00,Magdalena Predutta,complete
101,Create Purchase Order,2011-07-24 22:49:21.845782+00:00,Magdalena Predutta,start
101,Create Purchase Order,2011-07-24 22:56:45.215112+00:00,Magdalena Predutta,complete
101,Confirm Purchase Order,2011-07-25 09:18:59.120136+00:00,Esmeralda Clay,start
101,Confirm Purchase Order,2011-07-25 09:26:21.644284+00:00,Esmeralda Clay,complete
101,Deliver Goods Services,2011-07-26 00:27:23.819739+00:00,Sean Manney,start
101,Deliver Goods Services,2011-07-28 18:16:23.819739+00:00,Sean Manney,complete
101,Release Purchase Order,2011-07-29 00:17:37.226711+00:00,Immanuel Karagianni,start
101,Release Purchase Order,2011-07-29 00:18:37.226711+00:00,Immanuel Karagianni,complete
101,Approve Purchase Order for payment,2011-07-29 15:35:03.630665+00:00,Magdalena Predutta,start
101,Approve Purchase Order for payment,2011-07-29 15:36:03.630665+00:00,Magdalena Predutta,complete
101,Send Invoice,2011-07-30 02:48:07.629370+00:00,Carmen Finacse,complete
101,Send Invoice,2011-07-30 02:48:07.629370+00:00,Carmen Finacse,start
101,Release Supplier's Invoice,2011-07-30 16:42:29.926680+00:00,Karalda Nimwada,start
101,Release Supplier's Invoice,2011-07-30 16:45:58.780962+00:00,Karalda Nimwada,complete
101,Authorize Supplier's Invoice payment,2011-07-30 16:45:58.780962+00:00,Karalda Nimwada,start
101,Authorize Supplier's Invoice payment,2011-07-30 16:45:58.780962+00:00,Karalda Nimwada,complete
101,Pay Invoice,2011-07-30 18:19:50.646795+00:00,Karalda Nimwada,start
101,Pay Invoice,2011-07-30 18:27:05.223625+00:00,Karalda Nimwada,complete
102,Create Purchase Requisition,2011-07-12 23:06:25.008280+00:00,Kim Passa,start
102,Create Purchase Requisition,2011-07-13 00:00:24.710738+00:00,Kim Passa,complete
102,Analyze Purchase Requisition,2011-07-13 15:57:06.831556+00:00,Heinz Gutschmidt,start
102,Analyze Purchase Requisition,2011-07-13 16:09:39.734637+00:00,Heinz Gutschmidt,complete
102,Create Request for Quotation,2011-07-13 16:16:34.462980+00:00,Francis Odell,start
102,Create Request for Quotation,2011-07-13 16:22:16.085530+00:00,Francis Odell,complete
102,Analyze Request for Quotation,2011-07-23 12:09:19.563418+00:00,Karel de Groot,start
102,Analyze Request for Quotation,2011-07-23 12:43:59.421301+00:00,Karel de Groot,complete
102,Send Request for Quotation to Supplier,2011-07-23 13:04:27.647985+00:00,Karel de Groot,start
102,Send Request for Quotation to Supplier,2011-07-23 13:20:37.293816+00:00,Karel de Groot,complete
102,Create Quotation comparison Map,2011-07-23 13:25:43.553815+00:00,Karel de Groot,start
102,Create Quotation comparison Map,2011-07-23 14:22:07.758706+00:00,Karel de Groot,complete
102,Analyze Quotation Comparison Map,2011-07-23 20:35:40.003532+00:00,Kim Passa,start
102,Analyze Quotation Comparison Map,2011-07-23 20:46:56.877823+00:00,Kim Passa,complete
102,Choose best option,2011-07-23 20:46:56.877823+00:00,Immanuel Karagianni,complete
102,Choose best option,2011-07-23 20:46:56.877823+00:00,Immanuel Karagianni,start
102,Settle Conditions With Supplier,2011-07-24 02:57:47.578375+00:00,Magdalena Predutta,start
102,Settle Conditions With Supplier,2011-07-24 15:56:56.957402+00:00,Magdalena Predutta,complete
102,Create Purchase Order,2011-07-25 02:59:23.179153+00:00,Magdalena Predutta,start
102,Create Purchase Order,2011-07-25 03:09:39.600149+00:00,Magdalena Predutta,complete
102,Confirm Purchase Order,2011-07-25 12:24:11.197891+00:00,Esmeralda Clay,start
102,Confirm Purchase Order,2011-07-25 12:30:36.313839+00:00,Esmeralda Clay,complete
102,Deliver Goods Services,2011-07-26 07:08:54.574325+00:00,Sean Manney,start
102,Deliver Goods Services,2011-07-26 07:08:54.574325+00:00,Sean Manney,complete
102,Release Purchase Order,2011-07-26 17:45:54.834535+00:00,Immanuel Karagianni,start
102,Release Purchase Order,2011-07-26 17:46:54.834535+00:00,Immanuel Karagianni,complete
102,Approve Purchase Order for payment,2011-07-27 01:04:01.501634+00:00,Magdalena Predutta,start
102,Approve Purchase Order for payment,2011-07-27 01:05:01.501634+00:00,Magdalena Predutta,complete
102,Send Invoice,2011-07-27 08:10:39.180724+00:00,Carmen Finacse,complete
102,Send Invoice,2011-07-27 08:10:39.180724+00:00,Carmen Finacse,start
102,Release Supplier's Invoice,2011-07-28 01:14:35.991842+00:00,Karalda Nimwada,start
102,Authorize Supplier's Invoice payment,2011-07-28 01:20:26.055183+00:00,Karalda Nimwada,complete
102,Authorize Supplier's Invoice payment,2011-07-28 01:20:26.055183+00:00,Karalda Nimwada,start
102,Release Supplier's Invoice,2011-07-28 01:20:26.055183+00:00,Karalda Nimwada,complete
102,Pay Invoice,2011-07-28 01:42:10.043814+00:00,Karalda Nimwada,start
102,Pay Invoice,2011-07-28 01:54:28.220228+00:00,Karalda Nimwada,complete
103,Create Purchase Requisition,2011-07-12 23:26:40.255724+00:00,Anne Olwada,start
103,Create Purchase Requisition,2011-07-13 00:03:55.934822+00:00,Anne Olwada,complete
103,Analyze Purchase Requisition,2011-07-13 12:37:26.042036+00:00,Francis Odell,start
103,Analyze Purchase Requisition,2011-07-13 12:42:15.769779+00:00,Francis Odell,complete
103,Create Request for Quotation,2011-07-13 12:46:11.934809+00:00,Francis Odell,start
103,Create Request for Quotation,2011-07-13 12:49:04.518598+00:00,Francis Odell,complete
103,Analyze Request for Quotation,2011-07-15 00:38:26.818609+00:00,Karel de Groot,start
103,Analyze Request for Quotation,2011-07-15 01:08:06.995661+00:00,Karel de Groot,complete
103,Send Request for Quotation to Supplier,2011-07-15 10:35:14.559872+00:00,Francois de Perrier,start
103,Send Request for Quotation to Supplier,2011-07-15 11:10:01.922401+00:00,Francois de Perrier,complete
103,Create Quotation comparison Map,2011-07-15 12:49:55.642014+00:00,Francois de Perrier,start
103,Create Quotation comparison Map,2011-07-15 14:28:23.172965+00:00,Francois de Perrier,complete
103,Analyze Quotation Comparison Map,2011-07-16 02:37:30.586611+00:00,Alberto Duport,start
103,Choose best option,2011-07-16 02:51:40.161130+00:00,Immanuel Karagianni,complete
103,Choose best option,2011-07-16 02:51:40.161130+00:00,Immanuel Karagianni,start
103,Analyze Quotation Comparison Map,2011-07-16 02:51:40.161130+00:00,Nico Ojenbeer,complete
103,Settle Conditions With Supplier,2011-07-16 06:13:36.167235+00:00,Magdalena Predutta,start
103,Settle Conditions With Supplier,2011-07-16 13:46:53.897524+00:00,Magdalena Predutta,complete
103,Create Purchase Order,2011-07-17 09:35:27.817229+00:00,Magdalena Predutta,start
103,Create Purchase Order,2011-07-17 09:47:47.956979+00:00,Magdalena Predutta,complete
103,Confirm Purchase Order,2011-07-17 23:42:28.925228+00:00,Esmeralda Clay,start
103,Confirm Purchase Order,2011-07-17 23:44:39.734493+00:00,Esmeralda Clay,complete
103,Deliver Goods Services,2011-07-18 07:37:47.655658+00:00,Sean Manney,start
103,Deliver Goods Services,2011-07-19 19:50:49.057862+00:00,Sean Manney,complete
103,Release Purchase Order,2011-07-19 21:05:05.649104+00:00,Immanuel Karagianni,start
103,Release Purchase Order,2011-07-19 21:06:05.649104+00:00,Immanuel Karagianni,complete
103,Approve Purchase Order for payment,2011-07-20 13:44:40.072647+00:00,Magdalena Predutta,start
103,Approve Purchase Order for payment,2011-07-20 13:45:40.072647+00:00,Magdalena Predutta,complete
103,Send Invoice,2011-07-21 02:20:26.644966+00:00,Carmen Finacse,complete
103,Send Invoice,2011-07-21 02:20:26.644966+00:00,Carmen Finacse,start
103,Release Supplier's Invoice,2011-07-21 15:50:44.334254+00:00,Karalda Nimwada,start
103,Release Supplier's Invoice,2011-07-21 15:53:50.669856+00:00,Karalda Nimwada,complete
103,Settle Dispute With Supplier,2011-07-21 16:47:50.669856+00:00,Pedro Alvares,start
103,Authorize Supplier's Invoice payment,2011-07-21 17:22:57.760796+00:00,Karalda Nimwada,complete
103,Authorize Supplier's Invoice payment,2011-07-21 17:22:57.760796+00:00,Karalda Nimwada,start
103,Settle Dispute With Supplier,2011-07-21 17:22:57.760796+00:00,Pedro Alvares,complete
103,Pay Invoice,2011-07-21 17:50:28.870938+00:00,Karalda Nimwada,start
103,Pay Invoice,2011-07-21 17:56:23.618873+00:00,Karalda Nimwada,complete
104,Create Purchase Requisition,2011-07-12 23:58:32.121190+00:00,Christian Francois,start
104,Create Purchase Requisition,2011-07-13 00:40:20.343984+00:00,Christian Francois,complete
104,Create Request for Quotation,2011-07-13 11:45:11.695224+00:00,Anna Kaufmann,start
104,Create Request for Quotation,2011-07-13 11:52:16.107822+00:00,Anna Kaufmann,complete
104,Analyze Request for Quotation,2011-07-13 23:12:48.218699+00:00,Karel de Groot,start
104,Analyze Request for Quotation,2011-07-13 23:25:14.568724+00:00,Karel de Groot,complete
104,Send Request for Quotation to Supplier,2011-07-14 18:55:11.735143+00:00,Karel de Groot,start
104,Send Request for Quotation to Supplier,2011-07-14 19:24:18.800981+00:00,Karel de Groot,complete
104,Create Quotation comparison Map,2011-07-15 07:34:26.812664+00:00,Karel de Groot,start
104,Create Quotation comparison Map,2011-07-15 11:14:58.846098+00:00,Karel de Groot,complete
104,Analyze Quotation Comparison Map,2011-07-15 17:29:10.456307+00:00,Anna Kaufmann,start
104,Analyze Quotation Comparison Map,2011-07-15 17:45:10.121722+00:00,Anna Kaufmann,complete
104,Choose best option,2011-07-15 17:45:10.121722+00:00,Clement Duchot,start
104,Choose best option,2011-07-15 17:45:10.121722+00:00,Clement Duchot,complete
104,Settle Conditions With Supplier,2011-07-15 19:11:33.261770+00:00,Magdalena Predutta,start
104,Settle Conditions With Supplier,2011-07-15 23:14:06.608646+00:00,Magdalena Predutta,complete
104,Create Purchase Order,2011-07-16 01:32:33.704506+00:00,Francois de Perrier,start
104,Create Purchase Order,2011-07-16 01:42:31.312295+00:00,Francois de Perrier,complete
104,Confirm Purchase Order,2011-07-16 10:12:30.436670+00:00,Sean Manney,start
104,Confirm Purchase Order,2011-07-16 10:29:25.745546+00:00,Sean Manney,complete
104,Deliver Goods Services,2011-07-17 19:27:32.137578+00:00,Sean Manney,start
104,Deliver Goods Services,2011-07-18 01:08:25.980126+00:00,Sean Manney,complete
104,Release Purchase Order,2011-07-18 09:43:24.553554+00:00,Fjodor Kowalski,start
104,Release Purchase Order,2011-07-18 09:44:24.553554+00:00,Fjodor Kowalski,complete
104,Approve Purchase Order for payment,2011-07-19 09:06:32.226137+00:00,Karel de Groot,start
104,Approve Purchase Order for payment,2011-07-19 09:07:32.226137+00:00,Karel de Groot,complete
104,Send Invoice,2011-08-05 07:59:44.720436+00:00,Carmen Finacse,start
104,Send Invoice,2011-08-05 07:59:44.720436+00:00,Carmen Finacse,complete
104,Release Supplier's Invoice,2011-08-05 18:59:09.709189+00:00,Karalda Nimwada,start
104,Authorize Supplier's Invoice payment,2011-08-05 20:05:45.002626+00:00,Karalda Nimwada,complete
104,Authorize Supplier's Invoice payment,2011-08-05 20:05:45.002626+00:00,Karalda Nimwada,start
104,Release Supplier's Invoice,2011-08-05 20:05:45.002626+00:00,Karalda Nimwada,complete
104,Pay Invoice,2011-08-05 20:34:20.903464+00:00,Karalda Nimwada,start
104,Pay Invoice,2011-08-05 20:41:54.833487+00:00,Karalda Nimwada,complete
105,Create Purchase Requisition,2011-07-13 22:26:57.386288+00:00,Immanuel Karagianni,start
105,Create Purchase Requisition,2011-07-13 22:35:05.828493+00:00,Immanuel Karagianni,complete
105,Analyze Purchase Requisition,2011-07-14 10:18:11.870048+00:00,Francis Odell,start
105,Analyze Purchase Requisition,2011-07-14 10:24:05.474043+00:00,Francis Odell,complete
105,Create Request for Quotation,2011-07-14 10:28:30.119712+00:00,Francis Odell,start
105,Create Request for Quotation,2011-07-14 10:42:22.889647+00:00,Francis Odell,complete
105,Analyze Request for Quotation,2011-07-15 23:08:43.131531+00:00,Magdalena Predutta,start
105,Analyze Request for Quotation,2011-07-15 23:28:38.612642+00:00,Magdalena Predutta,complete
105,Send Request for Quotation to Supplier,2011-07-16 16:28:55.060616+00:00,Magdalena Predutta,start
105,Send Request for Quotation to Supplier,2011-07-16 16:50:13.602925+00:00,Magdalena Predutta,complete
105,Create Quotation comparison Map,2011-07-16 18:06:40.579409+00:00,Magdalena Predutta,start
105,Create Quotation comparison Map,2011-07-16 22:21:30.101454+00:00,Magdalena Predutta,complete
105,Analyze Quotation Comparison Map,2011-07-17 08:41:50.116142+00:00,Nico Ojenbeer,start
105,Choose best option,2011-07-17 10:05:33.009012+00:00,Immanuel Karagianni,complete
105,Choose best option,2011-07-17 10:05:33.009012+00:00,Immanuel Karagianni,start
105,Analyze Quotation Comparison Map,2011-07-17 10:05:33.009012+00:00,Nico Ojenbeer,complete
105,Settle Conditions With Supplier,2011-07-17 18:28:33.243206+00:00,Magdalena Predutta,start
105,Settle Conditions With Supplier,2011-07-18 07:10:01.548113+00:00,Magdalena Predutta,complete
105,Create Purchase Order,2011-07-18 20:09:14.719721+00:00,Magdalena Predutta,start
105,Create Purchase Order,2011-07-18 20:18:25.589946+00:00,Magdalena Predutta,complete
105,Confirm Purchase Order,2011-07-20 04:31:46.869677+00:00,Esmeralda Clay,start
105,Confirm Purchase Order,2011-07-20 04:46:26.815451+00:00,Esmeralda Clay,complete
105,Deliver Goods Services,2011-07-20 19:28:55.508030+00:00,Sean Manney,start
105,Deliver Goods Services,2011-07-21 04:30:55.556313+00:00,Sean Manney,complete
105,Release Purchase Order,2011-07-21 14:13:28.293565+00:00,Immanuel Karagianni,start
105,Release Purchase Order,2011-07-21 14:14:28.293565+00:00,Immanuel Karagianni,complete
105,Approve Purchase Order for payment,2011-07-23 12:49:54.190317+00:00,Magdalena Predutta,start
105,Approve Purchase Order for payment,2011-07-23 12:50:54.190317+00:00,Magdalena Predutta,complete
105,Send Invoice,2011-07-28 10:11:29.741913+00:00,Carmen Finacse,complete
105,Send Invoice,2011-07-28 10:11:29.741913+00:00,Carmen Finacse,start
105,Release Supplier's Invoice,2011-07-29 02:08:19.914848+00:00,Karalda Nimwada,start
105,Authorize Supplier's Invoice payment,2011-07-29 02:11:40.122980+00:00,Karalda Nimwada,complete
105,Release Supplier's Invoice,2011-07-29 02:11:40.122980+00:00,Karalda Nimwada,complete
105,Authorize Supplier's Invoice payment,2011-07-29 02:18:48.776003+00:00,Karalda Nimwada,start
105,Pay Invoice,2011-07-29 02:56:50.207925+00:00,Karalda Nimwada,start
105,Pay Invoice,2011-07-29 03:03:38.784346+00:00,Karalda Nimwada,complete
106,Create Purchase Requisition,2011-07-13 22:49:23.310281+00:00,Tesca Lobes,start
106,Create Purchase Requisition,2011-07-13 22:54:50.570922+00:00,Tesca Lobes,complete
106,Analyze Purchase Requisition,2011-07-14 17:57:11.591228+00:00,Maris Freeman,start
106,Analyze Purchase Requisition,2011-07-14 18:02:57.772558+00:00,Maris Freeman,complete
106,Create Request for Quotation,2011-07-14 18:09:50.284565+00:00,Maris Freeman,start
106,Create Request for Quotation,2011-07-14 18:11:04.276271+00:00,Maris Freeman,complete
106,Analyze Request for Quotation,2011-07-15 03:13:50.084081+00:00,Karel de Groot,start
106,Analyze Request for Quotation,2011-07-15 03:33:42.106035+00:00,Karel de Groot,complete
106,Amend Request for Quotation,2011-07-15 04:10:41.819012+00:00,Tesca Lobes,start
106,Amend Request for Quotation,2011-07-15 04:17:00.418439+00:00,Tesca Lobes,complete
106,Analyze Request for Quotation,2011-07-15 21:22:21.222366+00:00,Francois de Perrier,start
106,Analyze Request for Quotation,2011-07-15 21:54:13.431569+00:00,Francois de Perrier,complete
106,Send Request for Quotation to Supplier,2011-07-18 08:08:47.933134+00:00,Magdalena Predutta,start
106,Send Request for Quotation to Supplier,2011-07-18 08:28:10.811403+00:00,Magdalena Predutta,complete
106,Create Quotation comparison Map,2011-07-18 10:13:37.037453+00:00,Magdalena Predutta,start
106,Create Quotation comparison Map,2011-07-18 14:10:07.070337+00:00,Magdalena Predutta,complete
106,Analyze Quotation Comparison Map,2011-07-18 22:20:38.039039+00:00,Kim Passa,start
106,Analyze Quotation Comparison Map,2011-07-18 22:52:10.501138+00:00,Nico Ojenbeer,complete
106,Choose best option,2011-07-18 22:52:10.501138+00:00,Immanuel Karagianni,start
106,Choose best option,2011-07-18 22:52:10.501138+00:00,Immanuel Karagianni,complete
106,Settle Conditions With Supplier,2011-07-19 10:29:22.367483+00:00,Magdalena Predutta,start
106,Settle Conditions With Supplier,2011-07-20 00:16:31.107223+00:00,Magdalena Predutta,complete
106,Create Purchase Order,2011-07-20 02:27:01.760721+00:00,Magdalena Predutta,start
106,Create Purchase Order,2011-07-20 02:35:37.358591+00:00,Magdalena Predutta,complete
106,Confirm Purchase Order,2011-07-20 13:55:51.927568+00:00,Esmeralda Clay,start
106,Confirm Purchase Order,2011-07-20 14:08:54.733995+00:00,Esmeralda Clay,complete
106,Deliver Goods Services,2011-07-22 06:24:03.379834+00:00,Sean Manney,start
106,Deliver Goods Services,2011-07-22 10:43:53.878363+00:00,Sean Manney,complete
106,Release Purchase Order,2011-07-23 00:08:15.900574+00:00,Immanuel Karagianni,start
106,Release Purchase Order,2011-07-23 00:09:15.900574+00:00,Immanuel Karagianni,complete
106,Settle Dispute With Supplier,2011-07-23 08:30:36.117987+00:00,Pedro Alvares,start
106,Settle Dispute With Supplier,2011-07-23 08:53:35.558243+00:00,Pedro Alvares,complete
106,Release Purchase Order,2011-07-23 19:10:07.782069+00:00,Immanuel Karagianni,start
106,Release Purchase Order,2011-07-23 19:11:07.782069+00:00,Immanuel Karagianni,complete
106,Settle Dispute With Supplier,2011-07-24 04:10:05.937074+00:00,Pedro Alvares,start
106,Settle Dispute With Supplier,2011-07-24 04:31:14.861973+00:00,Pedro Alvares,complete
106,Release Purchase Order,2011-07-24 10:34:58.745005+00:00,Immanuel Karagianni,start
106,Release Purchase Order,2011-07-24 10:35:58.745005+00:00,Immanuel Karagianni,complete
106,Approve Purchase Order for payment,2011-07-24 19:35:16.154183+00:00,Magdalena Predutta,start
106,Approve Purchase Order for payment,2011-07-24 19:36:16.154183+00:00,Magdalena Predutta,complete
106,Send Invoice,2011-07-25 11:50:55.355518+00:00,Carmen Finacse,complete
106,Send Invoice,2011-07-25 11:50:55.355518+00:00,Carmen Finacse,start
106,Release Supplier's Invoice,2011-07-26 00:03:44.861819+00:00,Karalda Nimwada,start
106,Release Supplier's Invoice,2011-07-26 00:06:18.008447+00:00,Karalda Nimwada,complete
106,Authorize Supplier's Invoice payment,2011-07-26 00:14:54.260652+00:00,Karalda Nimwada,start
106,Authorize Supplier's Invoice payment,2011-07-26 00:14:54.260652+00:00,Karalda Nimwada,complete
106,Pay Invoice,2011-07-26 00:58:04.311390+00:00,Karalda Nimwada,start
106,Pay Invoice,2011-07-26 01:07:27.145086+00:00,Karalda Nimwada,complete
107,Create Purchase Requisition,2011-07-14 09:33:15.112996+00:00,Kim Passa,start
107,Create Purchase Requisition,2011-07-14 10:11:56.989663+00:00,Kim Passa,complete
107,Create Request for Quotation,2011-07-14 15:37:36.897241+00:00,Tesca Lobes,start
107,Create Request for Quotation,2011-07-14 15:39:05.378379+00:00,Tesca Lobes,complete
107,Analyze Request for Quotation,2011-07-17 11:22:27.480652+00:00,Magdalena Predutta,start
107,Analyze Request for Quotation,2011-07-17 11:29:35.009461+00:00,Magdalena Predutta,complete
107,Send Request for Quotation to Supplier,2011-07-17 16:45:04.049925+00:00,Magdalena Predutta,start
107,Send Request for Quotation to Supplier,2011-07-17 17:02:23.930660+00:00,Magdalena Predutta,complete
107,Create Quotation comparison Map,2011-07-17 23:50:13.731747+00:00,Magdalena Predutta,start
107,Create Quotation comparison Map,2011-07-18 04:05:35.350830+00:00,Magdalena Predutta,complete
107,Analyze Quotation Comparison Map,2011-07-18 11:03:09.789626+00:00,Nico Ojenbeer,start
107,Analyze Quotation Comparison Map,2011-07-18 11:18:30.327393+00:00,Nico Ojenbeer,complete
107,Choose best option,2011-07-18 11:18:30.327393+00:00,Immanuel Karagianni,complete
107,Choose best option,2011-07-18 11:18:30.327393+00:00,Immanuel Karagianni,start
107,Settle Conditions With Supplier,2011-07-18 13:06:39.350191+00:00,Magdalena Predutta,start
107,Settle Conditions With Supplier,2011-07-18 23:23:04.810235+00:00,Magdalena Predutta,complete
107,Create Purchase Order,2011-07-19 01:25:00.797403+00:00,Magdalena Predutta,start
107,Create Purchase Order,2011-07-19 01:34:36.336438+00:00,Magdalena Predutta,complete
107,Confirm Purchase Order,2011-07-19 18:21:23.489269+00:00,Esmeralda Clay,start
107,Confirm Purchase Order,2011-07-19 18:27:05.929110+00:00,Esmeralda Clay,complete
107,Deliver Goods Services,2011-07-20 10:06:30.075010+00:00,Sean Manney,start
107,Deliver Goods Services,2011-07-22 06:08:48.322706+00:00,Sean Manney,complete
107,Release Purchase Order,2011-07-22 17:08:19.260873+00:00,Immanuel Karagianni,start
107,Release Purchase Order,2011-07-22 17:09:19.260873+00:00,Immanuel Karagianni,complete
107,Approve Purchase Order for payment,2011-07-22 20:34:46.183158+00:00,Magdalena Predutta,start
107,Approve Purchase Order for payment,2011-07-22 20:35:46.183158+00:00,Magdalena Predutta,complete
107,Send Invoice,2011-07-23 08:18:20.311439+00:00,Carmen Finacse,start
107,Send Invoice,2011-07-23 08:18:20.311439+00:00,Carmen Finacse,complete
107,Release Supplier's Invoice,2011-07-23 23:07:02.348259+00:00,Karalda Nimwada,start
107,Authorize Supplier's Invoice payment,2011-07-23 23:10:14.263319+00:00,Karalda Nimwada,start
107,Release Supplier's Invoice,2011-07-23 23:10:14.263319+00:00,Karalda Nimwada,complete
107,Authorize Supplier's Invoice payment,2011-07-23 23:10:36.028778+00:00,Karalda Nimwada,complete
107,Pay Invoice,2011-07-23 23:53:05.133601+00:00,Karalda Nimwada,start
107,Pay Invoice,2011-07-23 23:58:09.465355+00:00,Karalda Nimwada,complete
108,Create Purchase Requisition,2011-07-14 21:44:17.922479+00:00,Clement Duchot,start
108,Create Purchase Requisition,2011-07-14 21:54:11.939757+00:00,Clement Duchot,complete
108,Create Request for Quotation,2011-07-15 08:13:30.079615+00:00,Alberto Duport,start
108,Create Request for Quotation,2011-07-15 08:14:41.124902+00:00,Alberto Duport,complete
108,Analyze Request for Quotation,2011-07-15 11:20:31.851170+00:00,Francois de Perrier,start
108,Analyze Request for Quotation,2011-07-15 11:52:35.621263+00:00,Francois de Perrier,complete
108,Send Request for Quotation to Supplier,2011-07-15 16:07:06.232369+00:00,Francois de Perrier,start
108,Send Request for Quotation to Supplier,2011-07-15 16:34:55.373033+00:00,Francois de Perrier,complete
108,Create Quotation comparison Map,2011-07-15 17:01:35.432423+00:00,Karel de Groot,start
108,Create Quotation comparison Map,2011-07-15 18:35:27.884636+00:00,Karel de Groot,complete
108,Analyze Quotation Comparison Map,2011-07-16 05:48:01.387268+00:00,Alberto Duport,start
108,Choose best option,2011-07-16 05:56:07.245539+00:00,Immanuel Karagianni,complete
108,Choose best option,2011-07-16 05:56:07.245539+00:00,Immanuel Karagianni,start
108,Analyze Quotation Comparison Map,2011-07-16 05:56:07.245539+00:00,Nico Ojenbeer,complete
108,Settle Conditions With Supplier,2011-07-16 08:25:35.920093+00:00,Magdalena Predutta,start
108,Settle Conditions With Supplier,2011-07-16 21:47:46.031661+00:00,Magdalena Predutta,complete
108,Create Purchase Order,2011-07-16 23:19:46.218643+00:00,Magdalena Predutta,start
108,Create Purchase Order,2011-07-16 23:26:37.847030+00:00,Magdalena Predutta,complete
108,Confirm Purchase Order,2011-07-17 08:38:30.323537+00:00,Esmeralda Clay,start
108,Confirm Purchase Order,2011-07-17 09:05:23.187510+00:00,Esmeralda Clay,complete
108,Deliver Goods Services,2011-07-19 07:27:00.731372+00:00,Sean Manney,start
108,Deliver Goods Services,2011-07-20 00:16:13.433881+00:00,Sean Manney,complete
108,Release Purchase Order,2011-07-20 11:07:53.794905+00:00,Immanuel Karagianni,start
108,Release Purchase Order,2011-07-20 11:08:53.794905+00:00,Immanuel Karagianni,complete
108,Approve Purchase Order for payment,2011-07-20 13:35:47.318957+00:00,Magdalena Predutta,start
108,Approve Purchase Order for payment,2011-07-20 13:36:47.318957+00:00,Magdalena Predutta,complete
108,Send Invoice,2011-07-22 00:55:37.975175+00:00,Carmen Finacse,complete
108,Send Invoice,2011-07-22 00:55:37.975175+00:00,Carmen Finacse,start
108,Release Supplier's Invoice,2011-07-22 14:37:17.350815+00:00,Karalda Nimwada,start
108,Release Supplier's Invoice,2011-07-22 14:42:26.651270+00:00,Karalda Nimwada,complete
108,Authorize Supplier's Invoice payment,2011-07-22 14:44:39.695374+00:00,Karalda Nimwada,start
108,Authorize Supplier's Invoice payment,2011-07-22 14:44:39.695374+00:00,Karalda Nimwada,complete
108,Pay Invoice,2011-07-22 14:50:59.919470+00:00,Karalda Nimwada,start
108,Pay Invoice,2011-07-22 15:03:56.787962+00:00,Karalda Nimwada,complete
109,Create Purchase Requisition,2011-07-15 10:30:52.767069+00:00,Alberto Duport,start
109,Create Purchase Requisition,2011-07-15 14:01:45.197756+00:00,Alberto Duport,complete
109,Analyze Purchase Requisition,2011-07-16 21:05:34.149958+00:00,Heinz Gutschmidt,start
109,Analyze Purchase Requisition,2011-07-16 21:10:18.544221+00:00,Heinz Gutschmidt,complete
109,Create Request for Quotation,2011-07-16 21:13:40.187973+00:00,Maris Freeman,start
109,Create Request for Quotation,2011-07-16 21:28:26.369675+00:00,Maris Freeman,complete
109,Analyze Request for Quotation,2011-07-16 23:40:50.017257+00:00,Francois de Perrier,start
109,Analyze Request for Quotation,2011-07-17 00:00:53.538138+00:00,Francois de Perrier,complete
109,Send Request for Quotation to Supplier,2011-07-17 07:27:43.875381+00:00,Karel de Groot,start
109,Send Request for Quotation to Supplier,2011-07-17 07:43:51.702571+00:00,Karel de Groot,complete
109,Create Quotation comparison Map,2011-07-17 13:00:45.745074+00:00,Karel de Groot,start
109,Create Quotation comparison Map,2011-07-17 18:56:26.622459+00:00,Karel de Groot,complete
109,Analyze Quotation Comparison Map,2011-07-17 23:36:14.798286+00:00,Nico Ojenbeer,start
109,Choose best option,2011-07-17 23:36:14.798286+00:00,Immanuel Karagianni,complete
109,Choose best option,2011-07-17 23:36:14.798286+00:00,Immanuel Karagianni,start
109,Analyze Quotation Comparison Map,2011-07-17 23:36:14.798286+00:00,Nico Ojenbeer,complete
109,Settle Conditions With Supplier,2011-07-18 05:13:00.268278+00:00,Magdalena Predutta,start
109,Settle Conditions With Supplier,2011-07-18 12:50:47.407291+00:00,Magdalena Predutta,complete
109,Create Purchase Order,2011-07-18 14:56:16.039783+00:00,Magdalena Predutta,start
109,Create Purchase Order,2011-07-18 15:03:20.914708+00:00,Magdalena Predutta,complete
109,Confirm Purchase Order,2011-07-19 02:49:45.266408+00:00,Esmeralda Clay,start
109,Confirm Purchase Order,2011-07-19 02:58:30.396119+00:00,Esmeralda Clay,complete
109,Deliver Goods Services,2011-07-19 12:32:00.451631+00:00,Sean Manney,start
109,Deliver Goods Services,2011-07-20 08:51:49.656637+00:00,Sean Manney,complete
109,Release Purchase Order,2011-07-20 20:52:18.283352+00:00,Immanuel Karagianni,start
109,Release Purchase Order,2011-07-20 20:53:18.283352+00:00,Immanuel Karagianni,complete
109,Approve Purchase Order for payment,2011-07-21 08:23:49.728711+00:00,Magdalena Predutta,start
109,Approve Purchase Order for payment,2011-07-21 08:24:49.728711+00:00,Magdalena Predutta,complete
109,Send Invoice,2011-07-22 20:41:04.931516+00:00,Carmen Finacse,complete
109,Send Invoice,2011-07-22 20:41:04.931516+00:00,Carmen Finacse,start
109,Release Supplier's Invoice,2011-07-23 12:34:58.193128+00:00,Karalda Nimwada,start
109,Authorize Supplier's Invoice payment,2011-07-23 12:37:05.004166+00:00,Karalda Nimwada,start
109,Authorize Supplier's Invoice payment,2011-07-23 12:37:05.004166+00:00,Karalda Nimwada,complete
109,Release Supplier's Invoice,2011-07-23 12:37:05.004166+00:00,Karalda Nimwada,complete
109,Pay Invoice,2011-07-23 12:51:56.711108+00:00,Karalda Nimwada,start
109,Pay Invoice,2011-07-23 13:03:47.430816+00:00,Karalda Nimwada,complete
110,Create Purchase Requisition,2011-07-15 11:13:59.565309+00:00,Alberto Duport,start
110,Create Purchase Requisition,2011-07-15 14:38:55.703965+00:00,Alberto Duport,complete
110,Analyze Purchase Requisition,2011-07-16 15:11:37.207374+00:00,Maris Freeman,start
110,Analyze Purchase Requisition,2011-07-16 15:17:36.156532+00:00,Maris Freeman,complete
110,Create Request for Quotation,2011-07-16 15:23:29.321135+00:00,Francis Odell,start
110,Create Request for Quotation,2011-07-16 15:28:50.229213+00:00,Francis Odell,complete
110,Analyze Request for Quotation,2011-07-19 07:29:12.979948+00:00,Magdalena Predutta,start
110,Analyze Request for Quotation,2011-07-19 07:53:56.916776+00:00,Magdalena Predutta,complete
110,Send Request for Quotation to Supplier,2011-07-20 11:55:40.547931+00:00,Francois de Perrier,start
110,Send Request for Quotation to Supplier,2011-07-20 12:28:17.049272+00:00,Francois de Perrier,complete
110,Create Quotation comparison Map,2011-07-20 13:39:41.030868+00:00,Francois de Perrier,start
110,Create Quotation comparison Map,2011-07-20 16:07:13.551614+00:00,Francois de Perrier,complete
110,Analyze Quotation Comparison Map,2011-07-20 18:36:22.215618+00:00,Tesca Lobes,start
110,Analyze Quotation Comparison Map,2011-07-20 18:46:21.527624+00:00,Nico Ojenbeer,complete
110,Choose best option,2011-07-20 18:46:21.527624+00:00,Immanuel Karagianni,start
110,Choose best option,2011-07-20 18:46:21.527624+00:00,Immanuel Karagianni,complete
110,Settle Conditions With Supplier,2011-07-21 07:53:10.456031+00:00,Magdalena Predutta,start
110,Settle Conditions With Supplier,2011-07-21 15:26:01.525077+00:00,Magdalena Predutta,complete
110,Create Purchase Order,2011-07-22 06:24:54.270882+00:00,Magdalena Predutta,start
110,Create Purchase Order,2011-07-22 06:31:54.945755+00:00,Magdalena Predutta,complete
110,Confirm Purchase Order,2011-07-22 11:00:39.895227+00:00,Esmeralda Clay,start
110,Confirm Purchase Order,2011-07-22 11:20:38.307584+00:00,Esmeralda Clay,complete
110,Deliver Goods Services,2011-07-25 20:52:28.297628+00:00,Sean Manney,start
110,Deliver Goods Services,2011-07-26 19:24:40.286409+00:00,Sean Manney,complete
110,Release Purchase Order,2011-07-27 04:57:01.545720+00:00,Immanuel Karagianni,start
110,Release Purchase Order,2011-07-27 04:58:01.545720+00:00,Immanuel Karagianni,complete
110,Settle Dispute With Supplier,2011-07-27 13:13:31.206554+00:00,Pedro Alvares,start
110,Settle Dispute With Supplier,2011-07-27 16:47:37.416844+00:00,Pedro Alvares,complete
110,Release Purchase Order,2011-07-28 00:13:36.042629+00:00,Immanuel Karagianni,start
110,Release Purchase Order,2011-07-28 00:14:36.042629+00:00,Immanuel Karagianni,complete
110,Approve Purchase Order for payment,2011-07-29 13:13:01.926742+00:00,Magdalena Predutta,start
110,Approve Purchase Order for payment,2011-07-29 13:14:01.926742+00:00,Magdalena Predutta,complete
110,Send Invoice,2011-07-30 11:19:30.397620+00:00,Carmen Finacse,complete
110,Send Invoice,2011-07-30 11:19:30.397620+00:00,Carmen Finacse,start
110,Release Supplier's Invoice,2011-07-30 23:41:32.007276+00:00,Karalda Nimwada,start
110,Release Supplier's Invoice,2011-07-30 23:46:39.869199+00:00,Karalda Nimwada,complete
110,Authorize Supplier's Invoice payment,2011-07-30 23:48:27.495430+00:00,Karalda Nimwada,start
110,Authorize Supplier's Invoice payment,2011-07-30 23:48:27.495430+00:00,Karalda Nimwada,complete
110,Pay Invoice,2011-07-30 23:53:10.329412+00:00,Karalda Nimwada,start
110,Pay Invoice,2011-07-30 23:59:39.203247+00:00,Karalda Nimwada,complete
111,Create Purchase Requisition,2011-07-15 12:12:23.036043+00:00,Fjodor Kowalski,start
111,Create Purchase Requisition,2011-07-15 17:49:43.777672+00:00,Fjodor Kowalski,complete
111,Create Request for Quotation,2011-07-15 20:43:43.333798+00:00,Tesca Lobes,start
111,Create Request for Quotation,2011-07-15 20:59:22.048656+00:00,Tesca Lobes,complete
111,Analyze Request for Quotation,2011-08-01 22:11:32.915165+00:00,Francois de Perrier,start
111,Analyze Request for Quotation,2011-08-01 22:35:21.340233+00:00,Francois de Perrier,complete
111,Send Request for Quotation to Supplier,2011-08-03 22:02:12.387226+00:00,Magdalena Predutta,start
111,Send Request for Quotation to Supplier,2011-08-03 22:38:36.982973+00:00,Magdalena Predutta,complete
111,Create Quotation comparison Map,2011-08-04 03:40:56.157070+00:00,Magdalena Predutta,start
111,Create Quotation comparison Map,2011-08-04 06:25:26.632182+00:00,Magdalena Predutta,complete
111,Analyze Quotation Comparison Map,2011-08-04 16:47:08.098636+00:00,Nico Ojenbeer,start
111,Choose best option,2011-08-04 17:08:04.866931+00:00,Immanuel Karagianni,complete
111,Choose best option,2011-08-04 17:08:04.866931+00:00,Immanuel Karagianni,start
111,Analyze Quotation Comparison Map,2011-08-04 17:08:04.866931+00:00,Nico Ojenbeer,complete
111,Settle Conditions With Supplier,2011-08-04 20:38:15.143639+00:00,Magdalena Predutta,start
111,Settle Conditions With Supplier,2011-08-05 04:13:54.297501+00:00,Magdalena Predutta,complete
111,Create Purchase Order,2011-08-06 10:30:11.193584+00:00,Magdalena Predutta,start
111,Create Purchase Order,2011-08-06 10:38:16.816204+00:00,Magdalena Predutta,complete
111,Confirm Purchase Order,2011-08-08 02:54:13.514237+00:00,Esmeralda Clay,start
111,Confirm Purchase Order,2011-08-08 02:54:25.167162+00:00,Esmeralda Clay,complete
111,Deliver Goods Services,2011-08-10 09:49:03.062418+00:00,Sean Manney,start
111,Deliver Goods Services,2011-08-11 20:54:26.666049+00:00,Sean Manney,complete
111,Release Purchase Order,2011-08-12 01:28:59.040245+00:00,Immanuel Karagianni,start
111,Release Purchase Order,2011-08-12 01:29:59.040245+00:00,Immanuel Karagianni,complete
111,Approve Purchase Order for payment,2011-08-12 06:20:07.119104+00:00,Magdalena Predutta,start
111,Approve Purchase Order for payment,2011-08-12 06:21:07.119104+00:00,Magdalena Predutta,complete
111,Send Invoice,2011-08-15 18:05:14.243246+00:00,Carmen Finacse,complete
111,Send Invoice,2011-08-15 18:05:14.243246+00:00,Carmen Finacse,start
111,Release Supplier's Invoice,2011-08-16 09:12:08.982358+00:00,Karalda Nimwada,start
111,Release Supplier's Invoice,2011-08-16 09:15:27.750782+00:00,Karalda Nimwada,complete
111,Settle Dispute With Supplier,2011-08-16 10:11:41.939615+00:00,Pedro Alvares,start
111,Settle Dispute With Supplier,2011-08-16 10:25:39.428653+00:00,Pedro Alvares,complete
111,Authorize Supplier's Invoice payment,2011-08-16 10:27:34.359848+00:00,Karalda Nimwada,start
111,Authorize Supplier's Invoice payment,2011-08-16 10:27:34.359848+00:00,Karalda Nimwada,complete
111,Pay Invoice,2011-08-16 10:37:59.169390+00:00,Karalda Nimwada,start
111,Pay Invoice,2011-08-16 10:42:53.895904+00:00,Karalda Nimwada,complete
112,Create Purchase Requisition,2011-07-15 22:25:29.808233+00:00,Anna Kaufmann,start
112,Create Purchase Requisition,2011-07-16 00:20:50.535595+00:00,Anna Kaufmann,complete
112,Create Request for Quotation,2011-07-16 04:20:30.472302+00:00,Anna Kaufmann,start
112,Create Request for Quotation,2011-07-16 04:21:36.351516+00:00,Anna Kaufmann,complete
112,Analyze Request for Quotation,2011-08-12 03:08:09.585251+00:00,Karel de Groot,start
112,Analyze Request for Quotation,2011-08-12 03:11:48.113052+00:00,Karel de Groot,complete
112,Send Request for Quotation to Supplier,2011-08-12 07:11:37.449920+00:00,Magdalena Predutta,start
112,Send Request for Quotation to Supplier,2011-08-12 07:26:29.072736+00:00,Magdalena Predutta,complete
112,Create Quotation comparison Map,2011-08-12 10:40:51.866672+00:00,Karel de Groot,start
112,Create Quotation comparison Map,2011-08-12 15:25:09.582254+00:00,Karel de Groot,complete
112,Analyze Quotation Comparison Map,2011-08-12 18:14:37.810721+00:00,Tesca Lobes,start
112,Choose best option,2011-08-12 19:23:46.402968+00:00,Christian Francois,start
112,Analyze Quotation Comparison Map,2011-08-12 19:23:46.402968+00:00,Nico Ojenbeer,complete
112,Choose best option,2011-08-12 19:23:46.402968+00:00,Immanuel Karagianni,complete
112,Settle Conditions With Supplier,2011-08-12 21:17:55.328501+00:00,Magdalena Predutta,start
112,Settle Conditions With Supplier,2011-08-13 10:15:07.039048+00:00,Magdalena Predutta,complete
112,Create Purchase Order,2011-08-13 17:57:50.549029+00:00,Magdalena Predutta,start
112,Create Purchase Order,2011-08-13 18:09:02.165059+00:00,Magdalena Predutta,complete
112,Confirm Purchase Order,2011-08-14 01:13:12.078987+00:00,Esmeralda Clay,start
112,Confirm Purchase Order,2011-08-14 01:31:25.684874+00:00,Esmeralda Clay,complete
112,Deliver Goods Services,2011-08-17 07:05:41.483648+00:00,Sean Manney,start
112,Deliver Goods Services,2011-08-17 10:50:58.099652+00:00,Sean Manney,complete
112,Release Purchase Order,2011-08-17 19:39:19.735809+00:00,Immanuel Karagianni,start
112,Release Purchase Order,2011-08-17 19:40:19.735809+00:00,Immanuel Karagianni,complete
112,Approve Purchase Order for payment,2011-08-18 05:24:40.550963+00:00,Magdalena Predutta,start
112,Approve Purchase Order for payment,2011-08-18 05:25:40.550963+00:00,Magdalena Predutta,complete
112,Send Invoice,2011-08-21 05:50:27.096082+00:00,Carmen Finacse,start
112,Send Invoice,2011-08-21 05:50:27.096082+00:00,Carmen Finacse,complete
112,Release Supplier's Invoice,2011-08-21 19:27:42.952251+00:00,Karalda Nimwada,start
112,Authorize Supplier's Invoice payment,2011-08-21 19:31:32.641752+00:00,Karalda Nimwada,complete
112,Release Supplier's Invoice,2011-08-21 19:31:32.641752+00:00,Karalda Nimwada,complete
112,Authorize Supplier's Invoice payment,2011-08-21 19:31:32.641752+00:00,Karalda Nimwada,start
112,Pay Invoice,2011-08-21 20:33:39.576734+00:00,Karalda Nimwada,start
112,Pay Invoice,2011-08-21 20:45:43.885050+00:00,Karalda Nimwada,complete
113,Create Purchase Requisition,2011-07-16 05:03:33.312416+00:00,Esmana Liubiata,start
113,Create Purchase Requisition,2011-07-16 07:44:13.586699+00:00,Esmana Liubiata,complete
113,Analyze Purchase Requisition,2011-07-17 02:49:16.470134+00:00,Heinz Gutschmidt,start
113,Analyze Purchase Requisition,2011-07-17 02:54:22.012703+00:00,Heinz Gutschmidt,complete
113,Create Request for Quotation,2011-07-17 02:56:55.533053+00:00,Francis Odell,start
113,Create Request for Quotation,2011-07-17 02:58:28.479347+00:00,Francis Odell,complete
113,Analyze Request for Quotation,2011-07-18 01:09:16.042020+00:00,Karel de Groot,start
113,Analyze Request for Quotation,2011-07-18 01:21:48.877882+00:00,Karel de Groot,complete
113,Send Request for Quotation to Supplier,2011-07-18 10:14:29.218335+00:00,Magdalena Predutta,start
113,Send Request for Quotation to Supplier,2011-07-18 10:47:36.712983+00:00,Magdalena Predutta,complete
113,Create Quotation comparison Map,2011-07-18 18:17:19.754740+00:00,Francois de Perrier,start
113,Create Quotation comparison Map,2011-07-19 00:10:15.263375+00:00,Francois de Perrier,complete
113,Analyze Quotation Comparison Map,2011-07-19 08:03:43.054439+00:00,Anna Kaufmann,start
113,Choose best option,2011-07-19 10:09:15.589863+00:00,Christian Francois,complete
113,Analyze Quotation Comparison Map,2011-07-19 10:09:15.589863+00:00,Nico Ojenbeer,complete
113,Choose best option,2011-07-19 10:09:15.589863+00:00,Immanuel Karagianni,start
113,Settle Conditions With Supplier,2011-07-19 12:41:27.760824+00:00,Magdalena Predutta,start
113,Settle Conditions With Supplier,2011-07-19 21:59:40.480216+00:00,Magdalena Predutta,complete
113,Create Purchase Order,2011-07-19 23:20:40.451391+00:00,Magdalena Predutta,start
113,Create Purchase Order,2011-07-19 23:28:43.190735+00:00,Magdalena Predutta,complete
113,Confirm Purchase Order,2011-07-22 06:57:08.142275+00:00,Esmeralda Clay,start
113,Confirm Purchase Order,2011-07-22 07:38:07.218760+00:00,Esmeralda Clay,complete
113,Deliver Goods Services,2011-07-24 14:04:36.949737+00:00,Sean Manney,start
113,Deliver Goods Services,2011-07-25 13:37:09.156259+00:00,Sean Manney,complete
113,Release Purchase Order,2011-07-26 03:46:36.396551+00:00,Immanuel Karagianni,start
113,Release Purchase Order,2011-07-26 03:47:36.396551+00:00,Immanuel Karagianni,complete
113,Approve Purchase Order for payment,2011-07-26 18:24:54.460860+00:00,Magdalena Predutta,start
113,Approve Purchase Order for payment,2011-07-26 18:25:54.460860+00:00,Magdalena Predutta,complete
113,Send Invoice,2011-07-27 22:55:50.955127+00:00,Carmen Finacse,start
113,Send Invoice,2011-07-27 22:55:50.955127+00:00,Carmen Finacse,complete
113,Release Supplier's Invoice,2011-07-28 11:10:43.758281+00:00,Karalda Nimwada,start
113,Authorize Supplier's Invoice payment,2011-07-28 11:17:39.894518+00:00,Karalda Nimwada,start
113,Authorize Supplier's Invoice payment,2011-07-28 11:17:39.894518+00:00,Karalda Nimwada,complete
113,Release Supplier's Invoice,2011-07-28 11:17:39.894518+00:00,Karalda Nimwada,complete
113,Pay Invoice,2011-07-28 12:13:02.915153+00:00,Karalda Nimwada,start
113,Pay Invoice,2011-07-28 12:17:38.063131+00:00,Karalda Nimwada,complete
114,Create Purchase Requisition,2011-07-16 11:16:58.521049+00:00,Elvira Lores,start
114,Create Purchase Requisition,2011-07-16 12:11:08.063749+00:00,Elvira Lores,complete
114,Create Request for Quotation,2011-07-16 21:45:12.302438+00:00,Anna Kaufmann,start
114,Create Request for Quotation,2011-07-16 21:47:29.549440+00:00,Anna Kaufmann,complete
114,Analyze Request for Quotation,2011-07-18 09:52:44.357430+00:00,Magdalena Predutta,start
114,Analyze Request for Quotation,2011-07-18 10:16:39.590353+00:00,Magdalena Predutta,complete
114,Amend Request for Quotation,2011-07-18 10:20:41.268787+00:00,Maris Freeman,start
114,Amend Request for Quotation,2011-07-18 10:29:28.728282+00:00,Maris Freeman,complete
114,Analyze Request for Quotation,2011-07-25 00:16:43.768644+00:00,Karel de Groot,start
114,Analyze Request for Quotation,2011-07-25 00:33:37.296695+00:00,Karel de Groot,complete
114,Amend Request for Quotation,2011-07-25 04:23:06.146622+00:00,Maris Freeman,start
114,Amend Request for Quotation,2011-07-25 04:29:41.928080+00:00,Maris Freeman,complete
114,Analyze Request for Quotation,2011-07-26 12:06:13.759763+00:00,Karel de Groot,start
114,Analyze Request for Quotation,2011-07-26 12:20:06.195339+00:00,Karel de Groot,complete
114,Amend Request for Quotation,2011-07-26 18:56:11.612766+00:00,Maris Freeman,start
114,Amend Request for Quotation,2011-07-26 19:06:24.992208+00:00,Maris Freeman,complete
114,Analyze Request for Quotation,2011-07-29 09:48:14.927969+00:00,Karel de Groot,start
114,Analyze Request for Quotation,2011-07-29 10:03:04.613097+00:00,Karel de Groot,complete
114,Amend Request for Quotation,2011-07-29 10:42:18.294965+00:00,Maris Freeman,start
114,Amend Request for Quotation,2011-07-29 10:47:19.306398+00:00,Maris Freeman,complete
114,Analyze Request for Quotation,2011-08-03 00:34:23.139658+00:00,Karel de Groot,start
114,Analyze Request for Quotation,2011-08-03 00:45:59.253695+00:00,Karel de Groot,complete
114,Send Request for Quotation to Supplier,2011-08-03 09:36:38.361539+00:00,Magdalena Predutta,start
114,Send Request for Quotation to Supplier,2011-08-03 10:03:40.467492+00:00,Magdalena Predutta,complete
114,Create Quotation comparison Map,2011-08-03 14:23:02.504528+00:00,Magdalena Predutta,start
114,Create Quotation comparison Map,2011-08-03 19:01:45.655146+00:00,Magdalena Predutta,complete
114,Analyze Quotation Comparison Map,2011-08-03 23:58:44.716166+00:00,Nico Ojenbeer,start
114,Choose best option,2011-08-04 00:04:21.880077+00:00,Immanuel Karagianni,complete
114,Choose best option,2011-08-04 00:04:21.880077+00:00,Immanuel Karagianni,start
114,Analyze Quotation Comparison Map,2011-08-04 00:04:21.880077+00:00,Nico Ojenbeer,complete
114,Settle Conditions With Supplier,2011-08-04 03:07:02.857687+00:00,Magdalena Predutta,start
114,Settle Conditions With Supplier,2011-08-04 09:46:58.897078+00:00,Magdalena Predutta,complete
114,Create Purchase Order,2011-08-05 08:29:31.090902+00:00,Magdalena Predutta,start
114,Create Purchase Order,2011-08-05 08:36:49.077870+00:00,Magdalena Predutta,complete
114,Confirm Purchase Order,2011-08-06 12:04:54.867523+00:00,Esmeralda Clay,start
114,Confirm Purchase Order,2011-08-06 12:52:23.813110+00:00,Esmeralda Clay,complete
114,Deliver Goods Services,2011-08-08 14:58:35.003412+00:00,Sean Manney,start
114,Deliver Goods Services,2011-08-10 10:03:37.302588+00:00,Sean Manney,complete
114,Release Purchase Order,2011-08-10 13:21:49.084040+00:00,Immanuel Karagianni,start
114,Release Purchase Order,2011-08-10 13:22:49.084040+00:00,Immanuel Karagianni,complete
114,Approve Purchase Order for payment,2011-08-10 17:42:03.973830+00:00,Magdalena Predutta,start
114,Approve Purchase Order for payment,2011-08-10 17:43:03.973830+00:00,Magdalena Predutta,complete
114,Send Invoice,2011-08-12 08:07:35.547796+00:00,Carmen Finacse,start
114,Send Invoice,2011-08-12 08:07:35.547796+00:00,Carmen Finacse,complete
114,Release Supplier's Invoice,2011-08-12 21:00:53.731402+00:00,Karalda Nimwada,start
114,Release Supplier's Invoice,2011-08-12 21:06:47.248333+00:00,Karalda Nimwada,complete
114,Authorize Supplier's Invoice payment,2011-08-12 21:06:47.248333+00:00,Karalda Nimwada,complete
114,Authorize Supplier's Invoice payment,2011-08-12 21:06:47.248333+00:00,Karalda Nimwada,start
114,Pay Invoice,2011-08-12 21:49:43.646791+00:00,Karalda Nimwada,start
114,Pay Invoice,2011-08-12 22:00:37.013777+00:00,Karalda Nimwada,complete
115,Create Purchase Requisition,2011-07-16 11:44:20.324677+00:00,Penn Osterwalder,start
115,Create Purchase Requisition,2011-07-16 13:56:40.879805+00:00,Penn Osterwalder,complete
115,Analyze Purchase Requisition,2011-07-17 09:46:35.118061+00:00,Francis Odell,start
115,Analyze Purchase Requisition,2011-07-17 09:50:38.964787+00:00,Francis Odell,complete
115,Create Request for Quotation,2011-07-17 09:53:29.272449+00:00,Francis Odell,start
115,Create Request for Quotation,2011-07-17 10:00:03.784449+00:00,Francis Odell,complete
115,Analyze Request for Quotation,2011-07-17 21:40:47.233189+00:00,Francois de Perrier,start
115,Analyze Request for Quotation,2011-07-17 21:59:41.448208+00:00,Francois de Perrier,complete
115,Send Request for Quotation to Supplier,2011-07-18 02:24:07.380009+00:00,Francois de Perrier,start
115,Send Request for Quotation to Supplier,2011-07-18 02:32:33.917468+00:00,Francois de Perrier,complete
115,Create Quotation comparison Map,2011-07-18 05:46:36.754729+00:00,Karel de Groot,start
115,Create Quotation comparison Map,2011-07-18 07:32:50.869886+00:00,Karel de Groot,complete
115,Analyze Quotation Comparison Map,2011-07-18 12:46:16.448992+00:00,Esmana Liubiata,start
115,Choose best option,2011-07-18 12:52:43.426121+00:00,Immanuel Karagianni,start
115,Analyze Quotation Comparison Map,2011-07-18 12:52:43.426121+00:00,Nico Ojenbeer,complete
115,Choose best option,2011-07-18 12:52:43.426121+00:00,Immanuel Karagianni,complete
115,Settle Conditions With Supplier,2011-07-18 19:03:54.557794+00:00,Magdalena Predutta,start
115,Settle Conditions With Supplier,2011-07-19 05:59:49.116530+00:00,Magdalena Predutta,complete
115,Create Purchase Order,2011-07-20 04:00:30.581343+00:00,Magdalena Predutta,start
115,Create Purchase Order,2011-07-20 04:12:09.988534+00:00,Magdalena Predutta,complete
115,Confirm Purchase Order,2011-08-11 01:27:09.988534+00:00,Esmeralda Clay,start
115,Confirm Purchase Order,2011-08-11 01:35:37.212810+00:00,Esmeralda Clay,complete
115,Deliver Goods Services,2011-08-12 06:23:27.580030+00:00,Sean Manney,start
115,Deliver Goods Services,2011-08-14 05:22:15.543089+00:00,Sean Manney,complete
115,Release Purchase Order,2011-08-14 17:14:51.124802+00:00,Immanuel Karagianni,start
115,Release Purchase Order,2011-08-14 17:15:51.124802+00:00,Immanuel Karagianni,complete
115,Approve Purchase Order for payment,2011-08-15 00:52:48.508201+00:00,Magdalena Predutta,start
115,Approve Purchase Order for payment,2011-08-15 00:53:48.508201+00:00,Magdalena Predutta,complete
115,Send Invoice,2011-08-15 17:24:33.957817+00:00,Carmen Finacse,complete
115,Send Invoice,2011-08-15 17:24:33.957817+00:00,Carmen Finacse,start
115,Release Supplier's Invoice,2011-08-16 05:54:19.546034+00:00,Karalda Nimwada,start
115,Release Supplier's Invoice,2011-08-16 05:56:55.793005+00:00,Karalda Nimwada,complete
115,Authorize Supplier's Invoice payment,2011-08-16 05:57:59.658647+00:00,Karalda Nimwada,complete
115,Authorize Supplier's Invoice payment,2011-08-16 05:57:59.658647+00:00,Karalda Nimwada,start
115,Pay Invoice,2011-08-16 06:56:33.048856+00:00,Karalda Nimwada,start
115,Pay Invoice,2011-08-16 07:09:45.713317+00:00,Karalda Nimwada,complete
116,Create Purchase Requisition,2011-07-16 15:45:01.021263+00:00,Alberto Duport,start
116,Create Purchase Requisition,2011-07-16 16:10:50.906904+00:00,Alberto Duport,complete
116,Analyze Purchase Requisition,2011-07-17 10:06:28.252091+00:00,Heinz Gutschmidt,start
116,Analyze Purchase Requisition,2011-07-17 10:11:45.575144+00:00,Heinz Gutschmidt,complete
116,Create Request for Quotation,2011-07-17 10:18:49.345829+00:00,Maris Freeman,start
116,Create Request for Quotation,2011-07-17 10:20:03.606196+00:00,Maris Freeman,complete
116,Analyze Request for Quotation,2011-07-24 20:13:08.790119+00:00,Francois de Perrier,start
116,Analyze Request for Quotation,2011-07-24 20:44:30.290557+00:00,Francois de Perrier,complete
116,Amend Request for Quotation,2011-07-24 20:47:54.799813+00:00,Fjodor Kowalski,start
116,Amend Request for Quotation,2011-07-24 20:56:28.603588+00:00,Fjodor Kowalski,complete
116,Analyze Request for Quotation,2011-07-30 01:01:40.090951+00:00,Francois de Perrier,start
116,Analyze Request for Quotation,2011-07-30 01:14:26.519724+00:00,Francois de Perrier,complete
116,Amend Request for Quotation,2011-07-30 04:22:46.713170+00:00,Maris Freeman,start
116,Amend Request for Quotation,2011-07-30 04:28:35.288072+00:00,Maris Freeman,complete
116,Analyze Request for Quotation,2011-07-30 21:20:03.893275+00:00,Karel de Groot,start
116,Analyze Request for Quotation,2011-07-30 21:28:04.390087+00:00,Karel de Groot,complete
116,Amend Request for Quotation,2011-07-30 21:40:18.145265+00:00,Maris Freeman,start
116,Amend Request for Quotation,2011-07-30 21:54:41.134058+00:00,Maris Freeman,complete
116,Analyze Request for Quotation,2011-08-17 15:00:06.355177+00:00,Karel de Groot,start
116,Analyze Request for Quotation,2011-08-17 15:13:56.703847+00:00,Karel de Groot,complete
116,Amend Request for Quotation,2011-08-17 16:18:01.370640+00:00,Maris Freeman,start
116,Amend Request for Quotation,2011-08-17 16:29:54.255714+00:00,Maris Freeman,complete
116,Analyze Request for Quotation,2011-08-31 22:50:20.727097+00:00,Karel de Groot,start
116,Analyze Request for Quotation,2011-08-31 23:06:25.656855+00:00,Karel de Groot,complete
116,Amend Request for Quotation,2011-09-01 00:45:12.998337+00:00,Maris Freeman,start
116,Amend Request for Quotation,2011-09-01 00:59:55.203687+00:00,Maris Freeman,complete
116,Analyze Request for Quotation,2011-09-01 05:46:32.160699+00:00,Karel de Groot,start
116,Analyze Request for Quotation,2011-09-01 07:10:12.448204+00:00,Karel de Groot,complete
117,Create Purchase Requisition,2011-07-16 17:56:02.307327+00:00,Fjodor Kowalski,start
117,Create Purchase Requisition,2011-07-16 18:19:14.150212+00:00,Fjodor Kowalski,complete
117,Analyze Purchase Requisition,2011-07-17 01:34:26.651353+00:00,Francis Odell,start
117,Analyze Purchase Requisition,2011-07-17 01:39:55.044953+00:00,Francis Odell,complete
118,Create Purchase Requisition,2011-07-16 20:37:25.684400+00:00,Nico Ojenbeer,start
118,Create Purchase Requisition,2011-07-16 21:17:01.709448+00:00,Nico Ojenbeer,complete
118,Analyze Purchase Requisition,2011-07-17 10:09:40.175108+00:00,Maris Freeman,start
118,Analyze Purchase Requisition,2011-07-17 10:17:12.153835+00:00,Maris Freeman,complete
119,Create Purchase Requisition,2011-07-17 03:40:55.120654+00:00,Esmana Liubiata,start
119,Create Purchase Requisition,2011-07-17 04:32:31.069652+00:00,Esmana Liubiata,complete
119,Analyze Purchase Requisition,2011-07-18 05:26:38.170388+00:00,Heinz Gutschmidt,start
119,Analyze Purchase Requisition,2011-07-18 05:32:27.687270+00:00,Heinz Gutschmidt,complete
119,Create Request for Quotation,2011-07-18 05:40:27.687270+00:00,Francis Odell,start
119,Create Request for Quotation,2011-07-18 05:46:28.355097+00:00,Francis Odell,complete
119,Analyze Request for Quotation,2011-07-20 14:14:35.724628+00:00,Karel de Groot,start
119,Analyze Request for Quotation,2011-07-20 14:54:57.552286+00:00,Karel de Groot,complete
119,Send Request for Quotation to Supplier,2011-07-21 10:12:09.409321+00:00,Magdalena Predutta,start
119,Send Request for Quotation to Supplier,2011-07-21 10:36:00.728433+00:00,Magdalena Predutta,complete
119,Create Quotation comparison Map,2011-07-22 05:53:56.349835+00:00,Francois de Perrier,start
119,Create Quotation comparison Map,2011-07-22 06:56:48.559898+00:00,Francois de Perrier,complete
119,Analyze Quotation Comparison Map,2011-07-22 17:24:24.219740+00:00,Anna Kaufmann,start
119,Choose best option,2011-07-22 17:49:09.091872+00:00,Christian Francois,complete
119,Choose best option,2011-07-22 17:49:09.091872+00:00,Christian Francois,start
119,Analyze Quotation Comparison Map,2011-07-22 17:49:09.091872+00:00,Anna Kaufmann,complete
119,Settle Conditions With Supplier,2011-07-22 23:50:07.794488+00:00,Magdalena Predutta,start
119,Settle Conditions With Supplier,2011-07-23 12:10:59.048466+00:00,Magdalena Predutta,complete
119,Create Purchase Order,2011-07-23 22:58:00.634034+00:00,Karel de Groot,start
119,Create Purchase Order,2011-07-23 23:07:30.995116+00:00,Karel de Groot,complete
119,Confirm Purchase Order,2011-07-25 03:48:56.990331+00:00,Sean Manney,start
119,Confirm Purchase Order,2011-07-25 04:00:24.967014+00:00,Sean Manney,complete
119,Deliver Goods Services,2011-07-28 04:53:33.700992+00:00,Kiu Kan,start
119,Deliver Goods Services,2011-07-29 17:20:48.201936+00:00,Kiu Kan,complete
119,Release Purchase Order,2011-07-30 01:47:55.579593+00:00,Nico Ojenbeer,start
119,Release Purchase Order,2011-07-30 01:48:55.579593+00:00,Nico Ojenbeer,complete
119,Approve Purchase Order for payment,2011-07-30 15:31:44.583459+00:00,Francois de Perrier,start
119,Approve Purchase Order for payment,2011-07-30 15:32:44.583459+00:00,Francois de Perrier,complete
119,Send Invoice,2011-07-31 12:09:54.282358+00:00,Carmen Finacse,start
119,Send Invoice,2011-07-31 12:09:54.282358+00:00,Carmen Finacse,complete
119,Release Supplier's Invoice,2011-08-01 03:46:54.282358+00:00,Karalda Nimwada,start
119,Release Supplier's Invoice,2011-08-01 03:52:42.764616+00:00,Karalda Nimwada,complete
119,Authorize Supplier's Invoice payment,2011-08-01 03:52:56.217312+00:00,Karalda Nimwada,complete
119,Authorize Supplier's Invoice payment,2011-08-01 03:52:56.217312+00:00,Karalda Nimwada,start
119,Pay Invoice,2011-08-01 04:22:45.551599+00:00,Karalda Nimwada,start
119,Pay Invoice,2011-08-01 04:31:31.362582+00:00,Karalda Nimwada,complete
120,Create Purchase Requisition,2011-07-17 04:23:58.499856+00:00,Anna Kaufmann,start
120,Create Purchase Requisition,2011-07-17 04:38:12.010919+00:00,Anna Kaufmann,complete
120,Analyze Purchase Requisition,2011-07-18 05:15:02.451270+00:00,Francis Odell,start
120,Analyze Purchase Requisition,2011-07-18 05:20:43.238870+00:00,Francis Odell,complete
120,Create Request for Quotation,2011-07-18 05:24:50.194741+00:00,Heinz Gutschmidt,start
120,Create Request for Quotation,2011-07-18 05:27:54.494884+00:00,Heinz Gutschmidt,complete
120,Analyze Request for Quotation,2011-07-18 23:40:54.340460+00:00,Francois de Perrier,start
120,Analyze Request for Quotation,2011-07-19 00:00:26.806470+00:00,Francois de Perrier,complete
120,Amend Request for Quotation,2011-07-19 00:12:30.930471+00:00,Maris Freeman,start
120,Amend Request for Quotation,2011-07-19 00:21:17.492052+00:00,Maris Freeman,complete
120,Analyze Request for Quotation,2011-07-20 08:31:07.510952+00:00,Karel de Groot,start
120,Analyze Request for Quotation,2011-07-20 08:49:19.648089+00:00,Karel de Groot,complete
120,Send Request for Quotation to Supplier,2011-07-22 05:52:31.893120+00:00,Magdalena Predutta,start
120,Send Request for Quotation to Supplier,2011-07-22 06:15:45.717613+00:00,Magdalena Predutta,complete
120,Create Quotation comparison Map,2011-07-22 09:46:04.676435+00:00,Magdalena Predutta,start
120,Create Quotation comparison Map,2011-07-22 11:48:15.322197+00:00,Magdalena Predutta,complete
120,Analyze Quotation Comparison Map,2011-07-22 15:48:46.060164+00:00,Nico Ojenbeer,start
120,Choose best option,2011-07-22 16:13:15.741045+00:00,Immanuel Karagianni,start
120,Choose best option,2011-07-22 16:13:15.741045+00:00,Immanuel Karagianni,complete
120,Analyze Quotation Comparison Map,2011-07-22 16:13:15.741045+00:00,Nico Ojenbeer,complete
120,Settle Conditions With Supplier,2011-07-22 17:49:06.641976+00:00,Magdalena Predutta,start
120,Settle Conditions With Supplier,2011-07-23 01:30:07.378840+00:00,Magdalena Predutta,complete
120,Create Purchase Order,2011-07-24 00:19:05.765912+00:00,Magdalena Predutta,start
120,Create Purchase Order,2011-07-24 00:30:30.642826+00:00,Magdalena Predutta,complete
120,Confirm Purchase Order,2011-07-25 03:56:27.052507+00:00,Esmeralda Clay,start
120,Confirm Purchase Order,2011-07-25 04:12:54.607068+00:00,Esmeralda Clay,complete
120,Deliver Goods Services,2011-07-26 05:25:27.984837+00:00,Sean Manney,start
120,Deliver Goods Services,2011-07-27 00:33:26.969605+00:00,Sean Manney,complete
120,Release Purchase Order,2011-07-27 07:30:51.745278+00:00,Immanuel Karagianni,start
120,Release Purchase Order,2011-07-27 07:31:51.745278+00:00,Immanuel Karagianni,complete
120,Approve Purchase Order for payment,2011-07-28 09:40:02.264156+00:00,Magdalena Predutta,start
120,Approve Purchase Order for payment,2011-07-28 09:41:02.264156+00:00,Magdalena Predutta,complete
120,Send Invoice,2011-07-29 14:45:54.751951+00:00,Carmen Finacse,complete
120,Send Invoice,2011-07-29 14:45:54.751951+00:00,Carmen Finacse,start
120,Release Supplier's Invoice,2011-07-30 04:22:24.741027+00:00,Karalda Nimwada,start
120,Release Supplier's Invoice,2011-07-30 04:25:54.037605+00:00,Karalda Nimwada,complete
120,Authorize Supplier's Invoice payment,2011-07-30 04:25:54.037605+00:00,Karalda Nimwada,start
120,Authorize Supplier's Invoice payment,2011-07-30 04:25:54.037605+00:00,Karalda Nimwada,complete
120,Pay Invoice,2011-07-30 07:03:04.043374+00:00,Karalda Nimwada,start
120,Pay Invoice,2011-07-30 07:10:35.892254+00:00,Karalda Nimwada,complete
121,Create Purchase Requisition,2011-07-18 22:17:42.232023+00:00,Penn Osterwalder,start
121,Create Purchase Requisition,2011-07-18 23:51:34.227775+00:00,Penn Osterwalder,complete
121,Analyze Purchase Requisition,2011-07-19 09:56:10.323967+00:00,Francis Odell,start
121,Analyze Purchase Requisition,2011-07-19 10:00:31.372007+00:00,Francis Odell,complete
121,Create Request for Quotation,2011-07-19 10:04:13.560829+00:00,Maris Freeman,start
121,Create Request for Quotation,2011-07-19 10:06:52.306008+00:00,Maris Freeman,complete
121,Analyze Request for Quotation,2011-07-24 01:44:05.517176+00:00,Francois de Perrier,start
121,Analyze Request for Quotation,2011-07-24 02:06:11.433671+00:00,Francois de Perrier,complete
121,Amend Request for Quotation,2011-07-24 08:29:09.203357+00:00,Penn Osterwalder,start
121,Amend Request for Quotation,2011-07-24 08:37:18.701224+00:00,Penn Osterwalder,complete
121,Analyze Request for Quotation,2011-09-22 13:24:18.701224+00:00,Karel de Groot,start
121,Analyze Request for Quotation,2011-09-22 13:41:20.590279+00:00,Karel de Groot,complete
121,Amend Request for Quotation,2011-09-23 00:33:26.772392+00:00,Alberto Duport,start
121,Amend Request for Quotation,2011-09-23 00:44:43.317825+00:00,Alberto Duport,complete
121,Analyze Request for Quotation,2011-10-16 22:03:20.208183+00:00,Karel de Groot,start
121,Analyze Request for Quotation,2011-10-16 22:35:25.275325+00:00,Karel de Groot,complete
121,Amend Request for Quotation,2011-10-17 00:15:44.721889+00:00,Maris Freeman,start
121,Amend Request for Quotation,2011-10-17 00:28:05.740758+00:00,Maris Freeman,complete
121,Analyze Request for Quotation,2011-11-06 15:59:58.587522+00:00,Karel de Groot,start
121,Analyze Request for Quotation,2011-11-06 16:30:23.043613+00:00,Karel de Groot,complete
121,Amend Request for Quotation,2011-11-06 16:35:36.409362+00:00,Maris Freeman,start
121,Amend Request for Quotation,2011-11-06 16:42:33.804146+00:00,Maris Freeman,complete
121,Analyze Request for Quotation,2011-11-08 06:29:32.247755+00:00,Karel de Groot,start
121,Analyze Request for Quotation,2011-11-08 06:48:51.954130+00:00,Karel de Groot,complete
121,Amend Request for Quotation,2011-11-08 11:25:59.645845+00:00,Maris Freeman,start
121,Amend Request for Quotation,2011-11-08 11:36:58.787136+00:00,Maris Freeman,complete
121,Analyze Request for Quotation,2011-11-08 16:40:24.214337+00:00,Karel de Groot,start
121,Analyze Request for Quotation,2011-11-08 17:02:34.479965+00:00,Karel de Groot,complete
121,Send Request for Quotation to Supplier,2011-11-09 01:43:47.347339+00:00,Magdalena Predutta,start
121,Send Request for Quotation to Supplier,2011-11-09 02:13:08.271082+00:00,Magdalena Predutta,complete
121,Create Quotation comparison Map,2011-11-09 03:43:51.501613+00:00,Magdalena Predutta,start
121,Create Quotation comparison Map,2011-11-09 09:03:57.085202+00:00,Magdalena Predutta,complete
121,Analyze Quotation Comparison Map,2011-11-09 14:38:55.038313+00:00,Nico Ojenbeer,start
121,Analyze Quotation Comparison Map,2011-11-09 14:51:49.123865+00:00,Nico Ojenbeer,complete
121,Choose best option,2011-11-09 14:51:49.123865+00:00,Immanuel Karagianni,start
121,Choose best option,2011-11-09 14:51:49.123865+00:00,Immanuel Karagianni,complete
121,Settle Conditions With Supplier,2011-11-10 06:25:22.487698+00:00,Magdalena Predutta,start
121,Settle Conditions With Supplier,2011-11-10 20:01:20.542285+00:00,Magdalena Predutta,complete
121,Create Purchase Order,2011-11-11 12:16:57.369055+00:00,Magdalena Predutta,start
121,Create Purchase Order,2011-11-11 12:29:14.996553+00:00,Magdalena Predutta,complete
121,Confirm Purchase Order,2011-11-12 02:45:35.667792+00:00,Esmeralda Clay,start
121,Confirm Purchase Order,2011-11-12 03:12:39.005658+00:00,Esmeralda Clay,complete
121,Deliver Goods Services,2011-11-12 10:00:44.664522+00:00,Sean Manney,start
121,Deliver Goods Services,2011-11-14 14:35:07.573212+00:00,Sean Manney,complete
121,Release Purchase Order,2011-11-14 19:22:47.484840+00:00,Immanuel Karagianni,start
121,Release Purchase Order,2011-11-14 19:23:47.484840+00:00,Immanuel Karagianni,complete
121,Approve Purchase Order for payment,2011-11-15 07:46:20.211503+00:00,Magdalena Predutta,start
121,Approve Purchase Order for payment,2011-11-15 07:47:20.211503+00:00,Magdalena Predutta,complete
121,Send Invoice,2011-11-21 16:28:23.050447+00:00,Carmen Finacse,complete
121,Send Invoice,2011-11-21 16:28:23.050447+00:00,Carmen Finacse,start
121,Release Supplier's Invoice,2011-11-22 01:58:16.740419+00:00,Karalda Nimwada,start
121,Release Supplier's Invoice,2011-11-22 03:04:55.912775+00:00,Karalda Nimwada,complete
121,Authorize Supplier's Invoice payment,2011-11-22 03:04:55.912775+00:00,Karalda Nimwada,start
121,Authorize Supplier's Invoice payment,2011-11-22 03:04:55.912775+00:00,Karalda Nimwada,complete
121,Pay Invoice,2011-11-22 03:41:14.152946+00:00,Karalda Nimwada,start
121,Pay Invoice,2011-11-22 03:46:50.980157+00:00,Karalda Nimwada,complete
122,Create Purchase Requisition,2011-07-18 22:40:32.913160+00:00,Immanuel Karagianni,start
122,Create Purchase Requisition,2011-07-19 02:09:46.553336+00:00,Immanuel Karagianni,complete
122,Analyze Purchase Requisition,2011-07-19 17:35:48.242794+00:00,Maris Freeman,start
122,Analyze Purchase Requisition,2011-07-19 17:40:50.193634+00:00,Maris Freeman,complete
122,Create Request for Quotation,2011-07-19 17:47:47.211000+00:00,Francis Odell,start
122,Create Request for Quotation,2011-07-19 17:50:32.061037+00:00,Francis Odell,complete
122,Analyze Request for Quotation,2011-08-03 04:49:42.095888+00:00,Karel de Groot,start
122,Analyze Request for Quotation,2011-08-03 05:17:09.304467+00:00,Karel de Groot,complete
122,Amend Request for Quotation,2011-08-03 06:42:23.482855+00:00,Christian Francois,start
122,Amend Request for Quotation,2011-08-03 06:57:32.423870+00:00,Christian Francois,complete
122,Analyze Request for Quotation,2011-08-03 07:54:46.739859+00:00,Magdalena Predutta,start
122,Analyze Request for Quotation,2011-08-03 08:12:52.331756+00:00,Magdalena Predutta,complete
122,Amend Request for Quotation,2011-08-03 12:09:22.591609+00:00,Nico Ojenbeer,start
122,Amend Request for Quotation,2011-08-03 12:14:42.173418+00:00,Nico Ojenbeer,complete
122,Analyze Request for Quotation,2011-08-15 03:33:36.561693+00:00,Magdalena Predutta,start
122,Analyze Request for Quotation,2011-08-15 03:52:10.491601+00:00,Magdalena Predutta,complete
122,Amend Request for Quotation,2011-08-15 04:30:09.998844+00:00,Elvira Lores,start
122,Amend Request for Quotation,2011-08-15 04:35:54.976887+00:00,Elvira Lores,complete
122,Analyze Request for Quotation,2011-10-14 09:22:54.976887+00:00,Karel de Groot,start
122,Analyze Request for Quotation,2011-10-14 09:50:12.785264+00:00,Karel de Groot,complete
122,Send Request for Quotation to Supplier,2011-10-15 08:06:58.104329+00:00,Karel de Groot,start
122,Send Request for Quotation to Supplier,2011-10-15 08:31:41.465109+00:00,Karel de Groot,complete
122,Create Quotation comparison Map,2011-10-16 15:09:02.040938+00:00,Francois de Perrier,start
122,Create Quotation comparison Map,2011-10-16 18:17:33.878411+00:00,Francois de Perrier,complete
122,Analyze Quotation Comparison Map,2011-10-17 09:30:33.878411+00:00,Tesca Lobes,start
122,Choose best option,2011-10-17 09:36:24.887482+00:00,Immanuel Karagianni,start
122,Analyze Quotation Comparison Map,2011-10-17 09:36:24.887482+00:00,Nico Ojenbeer,complete
122,Choose best option,2011-10-17 09:36:24.887482+00:00,Immanuel Karagianni,complete
122,Settle Conditions With Supplier,2011-10-17 13:31:48.721949+00:00,Magdalena Predutta,start
122,Settle Conditions With Supplier,2011-10-17 21:53:12.896783+00:00,Magdalena Predutta,complete
122,Create Purchase Order,2011-10-18 17:19:50.897407+00:00,Magdalena Predutta,start
122,Create Purchase Order,2011-10-18 17:30:37.969724+00:00,Magdalena Predutta,complete
122,Confirm Purchase Order,2011-10-20 00:12:08.869273+00:00,Esmeralda Clay,start
122,Confirm Purchase Order,2011-10-20 00:56:54.218718+00:00,Esmeralda Clay,complete
122,Deliver Goods Services,2011-10-24 19:10:37.392424+00:00,Sean Manney,start
122,Deliver Goods Services,2011-10-25 07:59:00.794433+00:00,Sean Manney,complete
122,Release Purchase Order,2011-10-25 19:28:34.948275+00:00,Immanuel Karagianni,start
122,Release Purchase Order,2011-10-25 19:29:34.948275+00:00,Immanuel Karagianni,complete
122,Settle Dispute With Supplier,2011-10-26 02:03:36.320053+00:00,Pedro Alvares,start
122,Settle Dispute With Supplier,2011-10-26 02:38:19.370318+00:00,Pedro Alvares,complete
122,Release Purchase Order,2011-10-26 10:28:52.649543+00:00,Immanuel Karagianni,start
122,Release Purchase Order,2011-10-26 10:29:52.649543+00:00,Immanuel Karagianni,complete
122,Settle Dispute With Supplier,2011-10-27 01:32:31.308021+00:00,Pedro Alvares,start
122,Settle Dispute With Supplier,2011-10-27 02:52:37.787217+00:00,Pedro Alvares,complete
122,Release Purchase Order,2011-10-27 09:50:48.220230+00:00,Immanuel Karagianni,start
122,Release Purchase Order,2011-10-27 09:51:48.220230+00:00,Immanuel Karagianni,complete
122,Approve Purchase Order for payment,2011-10-28 11:28:19.838447+00:00,Magdalena Predutta,start
122,Approve Purchase Order for payment,2011-10-28 11:29:19.838447+00:00,Magdalena Predutta,complete
122,Send Invoice,2011-10-30 12:26:41.656528+00:00,Carmen Finacse,start
122,Send Invoice,2011-10-30 12:26:41.656528+00:00,Carmen Finacse,complete
122,Release Supplier's Invoice,2011-10-31 01:42:27.271865+00:00,Karalda Nimwada,start
122,Release Supplier's Invoice,2011-10-31 01:47:46.824780+00:00,Karalda Nimwada,complete
122,Authorize Supplier's Invoice payment,2011-10-31 01:47:56.459479+00:00,Karalda Nimwada,start
122,Authorize Supplier's Invoice payment,2011-10-31 01:47:56.459479+00:00,Karalda Nimwada,complete
122,Pay Invoice,2011-10-31 03:05:40.245104+00:00,Karalda Nimwada,start
122,Pay Invoice,2011-10-31 03:13:43.532979+00:00,Karalda Nimwada,complete
